vcf_name,Sample_name,materalSampleID,individualID,scientificName,fieldID,tagID,healthChart,locality,timeOfDay,depthOfBottominMeters,decimalLatitude,decimalLongitude,EcoLocationID_short,EcoClusterID,EcoReefID,EcoSiteID,EcoZoneID,EcoPlotID,eventEnteredBy,dayCollected,monthCollected,yearCollected,fieldNotes,georeferenceProtocol,coordinateUncertaintyInMeters,locationRemarks,identificationRemarks,collectorList,associatedMedia,permitInformation,principalInvestigator
BLCH0A_BLCH0A,BLCH0A,BLCH0A,NA,Pocillopora verrucosa,7,Pver_34,C2.5,Chicken,10:30,5,-18.6532,147.7085,OCCH_BA1S,Offshore Central,Chicken,Back 1,Shallow,1,Zoe Meziere,1,4,2022,,GPS EcoRRAP sites,2,NA,,Zoe Meziere,,GBRMPA G21/44774.1,Riginos
BLCH102A_BLCH102A,BLCH102A,BLCH102A,NA,Pocillopora verrucosa,16,Pver_21,D2,Davies,11:30,5,-18.833,147.63338,OCDA_LA1S,Offshore Central,Davies,Lagoon 1,Shallow,4,Zoe Meziere,31,3,2022,,GPS EcoRRAP sites,2,NA,,Zoe Meziere,,GBRMPA G21/44774.1,Riginos
BLCH103A_BLCH103A,BLCH103A,BLCH103A,NA,Pocillopora verrucosa,26,Pver_14,C2.5,Davies,11:30,5,-18.833,147.63338,OCDA_LA1S,Offshore Central,Davies,Lagoon 1,Shallow,4,Zoe Meziere,31,3,2022,,GPS EcoRRAP sites,2,NA,,Zoe Meziere,,GBRMPA G21/44774.1,Riginos
BLCH104A_BLCH104A,BLCH104A,BLCH104A,NA,Pocillopora damicornis,33,Padm_15,D2,Davies,11:30,5,-18.833,147.63338,OCDA_LA1S,Offshore Central,Davies,Lagoon 1,Shallow,2,Zoe Meziere,31,3,2022,,GPS EcoRRAP sites,2,NA,,Zoe Meziere,,GBRMPA G21/44774.1,Riginos
BLCH111A_BLCH111A,BLCH111A,BLCH111A,NA,Pocillopora verrucosa,40,Pver_14,C3,Davies,15:00,5,-18.8058,147.6686,OCDA_FL1S,Offshore Central,Davies,Flank 1,Shallow,1,Zoe Meziere,31,3,2022,,GPS EcoRRAP sites,2,NA,,Zoe Meziere,,GBRMPA G21/44774.1,Riginos
BLCH124A_BLCH124A,BLCH124A,BLCH124A,NA,Pocillopora verrucosa,16,Pver_2,C2,Chicken,9:00,5,-18.6522,147.7185,OCCH_FL1S,Offshore Central,Chicken,Flank 1,Shallow,1,Zoe Meziere,1,4,2022,,GPS EcoRRAP sites,2,NA,,Zoe Meziere,,GBRMPA G21/44774.1,Riginos
BLCH128A_BLCH128A,BLCH128A,BLCH128A,NA,Pocillopora verrucosa,18,Pver_17,C3,Chicken,9:00,5,-18.6522,147.7185,OCCH_FL1S,Offshore Central,Chicken,Flank 1,Shallow,1,Zoe Meziere,1,4,2022,,GPS EcoRRAP sites,2,NA,,Zoe Meziere,,GBRMPA G21/44774.1,Riginos
BLCH143A_BLCH143A,BLCH143A,BLCH143A,NA,Pocillopora verrucosa,32,Pver_39,C2.5,Chicken,10:30,5,-18.6532,147.7085,OCCH_BA1S,Offshore Central,Chicken,Back 1,Shallow,1,Zoe Meziere,1,4,2022,,GPS EcoRRAP sites,2,NA,,Zoe Meziere,,GBRMPA G21/44774.1,Riginos
BLCH144A_BLCH144A,BLCH144A,BLCH144A,NA,Pocillopora verrucosa,26,Pver_15,C2,Chicken,10:30,5,-18.6532,147.7085,OCCH_BA1S,Offshore Central,Chicken,Back 1,Shallow,1,Zoe Meziere,1,4,2022,,GPS EcoRRAP sites,2,NA,,Zoe Meziere,,GBRMPA G21/44774.1,Riginos
BLCH149A_BLCH149A,BLCH149A,BLCH149A,NA,Pocillopora damicornis,23,Pdam_29,C3,Chicken,10:30,5,-18.6532,147.7085,OCCH_BA1S,Offshore Central,Chicken,Back 1,Shallow,2,Zoe Meziere,1,4,2022,,GPS EcoRRAP sites,2,NA,,Zoe Meziere,,GBRMPA G21/44774.1,Riginos
BLCH153A_BLCH153A,BLCH153A,BLCH153A,NA,Pocillopora verrucosa,38,Pver_12,E3,Chicken,10:30,5,-18.6532,147.7085,OCCH_BA1S,Offshore Central,Chicken,Back 1,Shallow,3,Zoe Meziere,1,4,2022,,GPS EcoRRAP sites,2,NA,,Zoe Meziere,,GBRMPA G21/44774.1,Riginos
BLCH155A_BLCH155A,BLCH155A,BLCH155A,NA,Pocillopora verrucosa,40,Pver_10,C3,Chicken,10:30,5,-18.6532,147.7085,OCCH_BA1S,Offshore Central,Chicken,Back 1,Shallow,3,Zoe Meziere,1,4,2022,,GPS EcoRRAP sites,2,NA,,Zoe Meziere,,GBRMPA G21/44774.1,Riginos
BLCH159A_BLCH159A,BLCH159A,BLCH159A,NA,Pocillopora verrucosa,10,Pver_2,C2.5,Chicken,10:30,5,-18.6532,147.7085,OCCH_BA1S,Offshore Central,Chicken,Back 1,Shallow,4,Zoe Meziere,1,4,2022,,GPS EcoRRAP sites,2,NA,,Zoe Meziere,,GBRMPA G21/44774.1,Riginos
BLCH15A_BLCH15A,BLCH15A,BLCH15A,NA,Pocillopora damicornis,1,Pdam_31,C3,Davies,14:30,5,-18.8259,147.6273,OCDA_BA1S,Offshore Central,Davies,Back 1,Shallow,2,Zoe Meziere,28,3,2022,,GPS EcoRRAP sites,2,NA,,Zoe Meziere,,GBRMPA G21/44774.1,Riginos
BLCH160A_BLCH160A,BLCH160A,BLCH160A,NA,Pocillopora verrucosa,3,Pver_38,D2.5,Chicken,15:30,5,-18.6604,147.7027,OCCH_BA2S,Offshore Central,Chicken,Back 2,Shallow,1,Zoe Meziere,1,4,2022,,GPS EcoRRAP sites,2,NA,,Zoe Meziere,,GBRMPA G21/44774.1,Riginos
BLCH168A_BLCH168A,BLCH168A,BLCH168A,NA,Pocillopora verrucosa,4,Pver_29,C3,Chicken,15:30,5,-18.6604,147.7027,OCCH_BA2S,Offshore Central,Chicken,Back 2,Shallow,1,Zoe Meziere,1,4,2022,,GPS EcoRRAP sites,2,NA,,Zoe Meziere,,GBRMPA G21/44774.1,Riginos
BLCH175A_BLCH175A,BLCH175A,BLCH175A,NA,Pocillopora verrucosa,33,Pver_9,C2,Chicken,15:30,5,-18.6604,147.7027,OCCH_BA2S,Offshore Central,Chicken,Back 2,Shallow,4,Zoe Meziere,1,4,2022,,GPS EcoRRAP sites,2,NA,,Zoe Meziere,,GBRMPA G21/44774.1,Riginos
BLCH177A_BLCH177A,BLCH177A,BLCH177A,NA,Pocillopora verrucosa,20,Pver_15,C2,Chicken,15:30,5,-18.6604,147.7027,OCCH_BA2S,Offshore Central,Chicken,Back 2,Shallow,4,Zoe Meziere,1,4,2022,,GPS EcoRRAP sites,2,NA,,Zoe Meziere,,GBRMPA G21/44774.1,Riginos
BLCH178A_BLCH178A,BLCH178A,BLCH178A,NA,Pocillopora damicornis,30,Pdam_6,C5,Little Broadhurst,8:00,5,-18.944062,147.699285,OCLB_FL1S,Offshore Central,Little Broadhurst,Flank 1,Shallow,1,Zoe Meziere,2,4,2022,,GPS EcoRRAP sites,2,NA,,Zoe Meziere,,GBRMPA G21/44774.1,Riginos
BLCH179A_BLCH179A,BLCH179A,BLCH179A,NA,Pocillopora verrucosa,14,Pver_33,C3,Little Broadhurst,8:00,5,-18.944062,147.699285,OCLB_FL1S,Offshore Central,Little Broadhurst,Flank 1,Shallow,1,Zoe Meziere,2,4,2022,,GPS EcoRRAP sites,2,NA,,Zoe Meziere,,GBRMPA G21/44774.1,Riginos
BLCH180A_BLCH180A,BLCH180A,BLCH180A,NA,Pocillopora damicornis,4,Pdam_55,C3,Little Broadhurst,8:00,5,-18.944062,147.699285,OCLB_FL1S,Offshore Central,Little Broadhurst,Flank 1,Shallow,1,Zoe Meziere,2,4,2022,,GPS EcoRRAP sites,2,NA,,Zoe Meziere,,GBRMPA G21/44774.1,Riginos
BLCH183A_BLCH183A,BLCH183A,BLCH183A,NA,Pocillopora verrucosa,21,Pver_51,D1,Little Broadhurst,8:00,5,-18.944062,147.699285,OCLB_FL1S,Offshore Central,Little Broadhurst,Flank 1,Shallow,1,Zoe Meziere,2,4,2022,,GPS EcoRRAP sites,2,NA,,Zoe Meziere,,GBRMPA G21/44774.1,Riginos
BLCH185A_BLCH185A,BLCH185A,BLCH185A,NA,Pocillopora damicornis,26,NA,D1,Little Broadhurst,8:00,5,-18.944062,147.699285,OCLB_FL1S,Offshore Central GBR,Little Broadhurst,Flank 1,Shallow,2,Zoe Meziere,2,4,2022,,GPS EcoRRAP sites,2,NA,,Zoe Meziere,,GBRMPA G21/44774.1,Riginos
BLCH186A_BLCH186A,BLCH186A,BLCH186A,NA,Pocillopora damicornis,17,Pdam_39,C3,Little Broadhurst,8:00,5,-18.944062,147.699285,OCLB_FL1S,Offshore Central,Little Broadhurst,Flank 1,Shallow,2,Zoe Meziere,2,4,2022,,GPS EcoRRAP sites,2,NA,,Zoe Meziere,,GBRMPA G21/44774.1,Riginos
BLCH187A_BLCH187A,BLCH187A,BLCH187A,NA,Pocillopora verrucosa,33,NA,D1,Little Broadhurst,8:00,5,-18.944062,147.699285,OCLB_FL1S,Offshore Central GBR,Little Broadhurst,Flank 1,Shallow,3,Zoe Meziere,2,4,2022,,GPS EcoRRAP sites,2,NA,,Zoe Meziere,,GBRMPA G21/44774.1,Riginos
BLCH187B_BLCH187B,BLCH187B,BLCH187B,NA,Pocillopora verrucosa,17,Pver_24,C3,Little Broadhurst,11:00,5,-18.9493475,147.6929265,OCLB_BA1S,Offshore Central,Little Broadhurst,Back 1,Shallow,1,Zoe Meziere,2,4,2022,,GPS EcoRRAP sites,2,NA,,Katharina Fabricus,,GBRMPA G21/44774.1,Riginos
BLCH189A_BLCH189A,BLCH189A,BLCH189A,NA,Pocillopora verrucosa,1,Pver_31,C3,Little Broadhurst,8:00,5,-18.944062,147.699285,OCLB_FL1S,Offshore Central,Little Broadhurst,Flank 1,Shallow,3,Zoe Meziere,2,4,2022,,GPS EcoRRAP sites,2,NA,,Zoe Meziere,,GBRMPA G21/44774.1,Riginos
BLCH18A_BLCH18A,BLCH18A,BLCH18A,NA,Pocillopora verrucosa,20,Pver_41,D2,Davies,14:30,5,-18.8259,147.6273,OCDA_BA1S,Offshore Central,Davies,Back 1,Shallow,2,Zoe Meziere,28,3,2022,,GPS EcoRRAP sites,2,NA,,Zoe Meziere,,GBRMPA G21/44774.1,Riginos
BLCH190B_BLCH190B,BLCH190B,BLCH190B,NA,Pocillopora damicornis,31,Pdam_19,C2.7,Little Broadhurst,11:00,5,-18.9493475,147.6929265,OCLB_BA1S,Offshore Central,Little Broadhurst,Back 1,Shallow,1,Zoe Meziere,2,4,2022,,GPS EcoRRAP sites,2,NA,,Katharina Fabricus,,GBRMPA G21/44774.1,Riginos
BLCH191B_BLCH191B,BLCH191B,BLCH191B,NA,Pocillopora verrucosa,23,Pver_17,C4,Little Broadhurst,11:00,5,-18.9493475,147.6929265,OCLB_BA1S,Offshore Central,Little Broadhurst,Back 1,Shallow,1,Zoe Meziere,2,4,2022,,GPS EcoRRAP sites,2,NA,,Katharina Fabricus,,GBRMPA G21/44774.1,Riginos
BLCH192A_BLCH192A,BLCH192A,BLCH192A,NA,Pocillopora verrucosa,21,Pver_23,C4,Pelorus,10:30,5,-18.53952,146.49918,PAPE_FR1S,Inshore Central,Pelorus,Front 1,Shallow,1,Zoe Meziere,11,4,2022,,GPS EcoRRAP sites,2,NA,,Zoe Meziere,,GBRMPA G21/44774.1,Riginos
BLCH192B_BLCH192B,BLCH192B,BLCH192B,NA,Pocillopora verrucosa,8,Pver_12,C2.5,Little Broadhurst,11:00,5,-18.9493475,147.6929265,OCLB_BA1S,Offshore Central,Little Broadhurst,Back 1,Shallow,1,Zoe Meziere,2,4,2022,,GPS EcoRRAP sites,2,NA,,Katharina Fabricus,,GBRMPA G21/44774.1,Riginos
BLCH193A_BLCH193A,BLCH193A,BLCH193A,NA,Pocillopora damicornis,28,Pdam_22,C3,Pelorus,10:30,5,-18.53952,146.49918,PAPE_FR1S,Inshore Central,Pelorus,Front 1,Shallow,1,Zoe Meziere,11,4,2022,,GPS EcoRRAP sites,2,NA,,Zoe Meziere,,GBRMPA G21/44774.1,Riginos
BLCH199A_BLCH199A,BLCH199A,BLCH199A,NA,Pocillopora damicornis,18,Pdam_25,C3,Pelorus,10:30,5,-18.53952,146.49918,PAPE_FR1S,Inshore Central,Pelorus,Front 1,Shallow,2,Zoe Meziere,11,4,2022,,GPS EcoRRAP sites,2,NA,,Zoe Meziere,,GBRMPA G21/44774.1,Riginos
BLCH19A_BLCH19A,BLCH19A,BLCH19A,NA,Pocillopora damicornis,19,Pdam_38,C2,Davies,14:30,5,-18.8259,147.6273,OCDA_BA1S,Offshore Central,Davies,Back 1,Shallow,2,Zoe Meziere,28,3,2022,,GPS EcoRRAP sites,2,NA,,Zoe Meziere,,GBRMPA G21/44774.1,Riginos
BLCH1A_BLCH1A,BLCH1A,BLCH1A,NA,Pocillopora damicornis,4,Pdam_39,C5,Davies,10:30,13,-18.8258,147.6274,OCDA_BA1D,Offshore Central,Davies,Back 1,Deep,1,Zoe Meziere,28,3,2022,,GPS EcoRRAP sites,2,NA,,Zoe Meziere,,GBRMPA G21/44774.1,Riginos
BLCH200A_BLCH200A,BLCH200A,BLCH200A,NA,Pocillopora damicornis,8,Pdam_21,C2.5,Pelorus,10:30,5,-18.53952,146.49918,PAPE_FR1S,Inshore Central,Pelorus,Front 1,Shallow,2,Zoe Meziere,11,4,2022,,GPS EcoRRAP sites,2,NA,,Zoe Meziere,,GBRMPA G21/44774.1,Riginos
BLCH201A_BLCH201A,BLCH201A,BLCH201A,NA,Pocillopora damicornis,27,Pdam_44,C4.5,Pelorus,10:30,5,-18.53952,146.49918,PAPE_FR1S,Inshore Central,Pelorus,Front 1,Shallow,2,Zoe Meziere,11,4,2022,,GPS EcoRRAP sites,2,NA,,Zoe Meziere,,GBRMPA G21/44774.1,Riginos
BLCH203A_BLCH203A,BLCH203A,BLCH203A,NA,Pocillopora verrucosa,29,Pver_0,D3,Pelorus,10:30,5,-18.53952,146.49918,PAPE_FR1S,Inshore Central,Pelorus,Front 1,Shallow,3,Zoe Meziere,11,4,2022,,GPS EcoRRAP sites,2,NA,,Zoe Meziere,,GBRMPA G21/44774.1,Riginos
BLCH209A_BLCH209A,BLCH209A,BLCH209A,NA,Pocillopora damicornis,19,Pdam_43,C2.5,Pelorus,10:30,5,-18.53952,146.49918,PAPE_FR1S,Inshore Central,Pelorus,Front 1,Shallow,4,Zoe Meziere,11,4,2022,,GPS EcoRRAP sites,2,NA,,Zoe Meziere,,GBRMPA G21/44774.1,Riginos
BLCH210A_BLCH210A,BLCH210A,BLCH210A,NA,Pocillopora damicornis,6,Pdam_24,C3,Pelorus,10:30,5,-18.53952,146.49918,PAPE_FR1S,Inshore Central,Pelorus,Front 1,Shallow,1,Zoe Meziere,11,4,2022,,GPS EcoRRAP sites,2,NA,,Zoe Meziere,,GBRMPA G21/44774.1,Riginos
BLCH217A_BLCH217A,BLCH217A,BLCH217A,NA,Pocillopora damicornis,15,Pdam_21,C3,Pelorus,9:30,5,-18.57226,146.49542,PAOR_FL1S,Inshore Central,Pelorus,Flank 1,Shallow,3,Zoe Meziere,12,4,2022,,GPS EcoRRAP sites,2,NA,,Zoe Meziere,,GBRMPA G21/44774.1,Riginos
BLCH224A_BLCH224A,BLCH224A,BLCH224A,NA,Pocillopora verrucosa,6,Pver_NN,C2.5,Pelorus,9:30,5,-18.57226,146.49542,PAOR_FL1S,Inshore Central,Pelorus,Flank 1,Shallow,4,Zoe Meziere,12,4,2022,,GPS EcoRRAP sites,2,NA,,Zoe Meziere,,GBRMPA G21/44774.1,Riginos
BLCH230A_BLCH230A,BLCH230A,BLCH230A,NA,Pocillopora verrucosa,31,Pver_25,C4,Pelorus,13:00,5,-18.54103,146.48862,PAPE_BA2S,Inshore Central,Pelorus,Back 2,Shallow,1,Zoe Meziere,12,4,2022,,GPS EcoRRAP sites,2,NA,,Zoe Meziere,,GBRMPA G21/44774.1,Riginos
BLCH231A_BLCH231A,BLCH231A,BLCH231A,NA,Pocillopora damicornis,34,Pdam_17,C3,Pelorus,13:00,5,-18.54103,146.48862,PAPE_BA2S,Inshore Central,Pelorus,Back 2,Shallow,1,Zoe Meziere,12,4,2022,,GPS EcoRRAP sites,2,NA,,Zoe Meziere,,GBRMPA G21/44774.1,Riginos
BLCH232A_BLCH232A,BLCH232A,BLCH232A,NA,Pocillopora verrucosa,32,Pver_37,D2,Pelorus,13:00,5,-18.54103,146.48862,PAPE_BA2S,Inshore Central,Pelorus,Back 2,Shallow,1,Zoe Meziere,12,4,2022,,GPS EcoRRAP sites,2,NA,,Zoe Meziere,,GBRMPA G21/44774.1,Riginos
BLCH235A_BLCH235A,BLCH235A,BLCH235A,NA,Pocillopora damicornis,25,Pdam_0,D4,Pelorus,13:00,5,-18.54103,146.48862,PAPE_BA2S,Inshore Central,Pelorus,Back 2,Shallow,2,Zoe Meziere,12,4,2022,,GPS EcoRRAP sites,2,NA,,Zoe Meziere,,GBRMPA G21/44774.1,Riginos
BLCH236A_BLCH236A,BLCH236A,BLCH236A,NA,Pocillopora damicornis,7,Pdam_30,C3,Pelorus,13:00,5,-18.54103,146.48862,PAPE_BA2S,Inshore Central,Pelorus,Back 2,Shallow,3,Zoe Meziere,12,4,2022,,GPS EcoRRAP sites,2,NA,,Zoe Meziere,,GBRMPA G21/44774.1,Riginos
BLCH238A_BLCH238A,BLCH238A,BLCH238A,NA,Pocillopora damicornis,36,Pdam_0,C2.5,Pelorus,13:00,5,-18.54103,146.48862,PAPE_BA2S,Inshore Central,Pelorus,Back 2,Shallow,4,Zoe Meziere,12,4,2022,,GPS EcoRRAP sites,2,NA,,Zoe Meziere,,GBRMPA G21/44774.1,Riginos
BLCH239A_BLCH239A,BLCH239A,BLCH239A,NA,Pocillopora damicornis,28,Pdam_1,C2.5,Pelorus,13:00,5,-18.54103,146.48862,PAPE_BA2S,Inshore Central,Pelorus,Back 2,Shallow,4,Zoe Meziere,12,4,2022,,GPS EcoRRAP sites,2,NA,,Zoe Meziere,,GBRMPA G21/44774.1,Riginos
BLCH23A_BLCH23A,BLCH23A,BLCH23A,NA,Pocillopora verrucosa,3,Pver_14,D2,Davies,16:30,5,-18.8058,147.6686,OCDA_FR1S,Offshore Central,Davies,Front 1,Shallow,4,Zoe Meziere,28,3,2022,,GPS EcoRRAP sites,2,NA,,Zoe Meziere,,GBRMPA G21/44774.1,Riginos
BLCH240A_BLCH240A,BLCH240A,BLCH240A,NA,Pocillopora verrucosa,38,Pver_3,D2,Pelorus,13:00,5,-18.54103,146.48862,PAPE_BA2S,Inshore Central,Pelorus,Back 2,Shallow,4,Zoe Meziere,12,4,2022,,GPS EcoRRAP sites,2,NA,,Zoe Meziere,,GBRMPA G21/44774.1,Riginos
BLCH241A_BLCH241A,BLCH241A,BLCH241A,NA,Pocillopora verrucosa,11,Pver_24,D2,Pelorus,13:00,5,-18.54103,146.48862,PAPE_BA2S,Inshore Central,Pelorus,Back 2,Shallow,4,Zoe Meziere,12,4,2022,,GPS EcoRRAP sites,2,NA,,Zoe Meziere,,GBRMPA G21/44774.1,Riginos
BLCH24A_BLCH24A,BLCH24A,BLCH24A,NA,Pocillopora verrucosa,19,Pver_19,C3,Davies,16:30,5,-18.8058,147.6686,OCDA_FR1S,Offshore Central,Davies,Front 1,Shallow,4,Zoe Meziere,28,3,2022,,GPS EcoRRAP sites,2,NA,,Zoe Meziere,,GBRMPA G21/44774.1,Riginos
BLCH28A_BLCH28A,BLCH28A,BLCH28A,NA,Pocillopora verrucosa,12,Pver_20,C3,Davies,16:30,5,-18.8058,147.6686,OCDA_FR1S,Offshore Central,Davies,Front 1,Shallow,3,Zoe Meziere,28,3,2022,,GPS EcoRRAP sites,2,NA,,Zoe Meziere,,GBRMPA G21/44774.1,Riginos
BLCH29A_BLCH29A,BLCH29A,BLCH29A,NA,Pocillopora meandrina,17,Pmea_12,C3,Davies,16:30,5,-18.8058,147.6686,OCDA_FR1S,Offshore Central,Davies,Front 1,Shallow,3,Zoe Meziere,28,3,2022,,GPS EcoRRAP sites,2,NA,,Zoe Meziere,,GBRMPA G21/44774.1,Riginos
BLCH2A_BLCH2A,BLCH2A,BLCH2A,NA,Pocillopora damicornis,11,Pdam_19,C5,Davies,10:30,13,-18.8258,147.6274,OCDA_BA1D,Offshore Central,Davies,Back 1,Deep,1,Zoe Meziere,28,3,2022,,GPS EcoRRAP sites,2,NA,,Zoe Meziere,,GBRMPA G21/44774.1,Riginos
BLCH34A_BLCH34A,BLCH34A,BLCH34A,NA,Pocillopora verrucosa,19,Pver_8,C3,Davies,10:00,13,-18.8197,147.6639,OCDA_FR1D,Offshore Central,Davies,Front 1,Deep,4,Zoe Meziere,29,3,2022,,GPS EcoRRAP sites,2,NA,,Zoe Meziere,,GBRMPA G21/44774.1,Riginos
BLCH37A_BLCH37A,BLCH37A,BLCH37A,NA,Pocillopora verrucosa,7,Pver_14,C2,Davies,10:00,13,-18.8197,147.6639,OCDA_FR1D,Offshore Central,Davies,Front 1,Deep,4,Zoe Meziere,29,3,2022,,GPS EcoRRAP sites,2,NA,,Zoe Meziere,,GBRMPA G21/44774.1,Riginos
BLCH39A_BLCH39A,BLCH39A,BLCH39A,NA,Pocillopora damicornis,15,Pdam_49,C3,Davies,10:00,13,-18.8197,147.6639,OCDA_FR1D,Offshore Central,Davies,Front 1,Deep,4,Zoe Meziere,29,3,2022,,GPS EcoRRAP sites,2,NA,,Zoe Meziere,,GBRMPA G21/44774.1,Riginos
BLCH44A_BLCH44A,BLCH44A,BLCH44A,NA,Pocillopora verrucosa,20,Pver_6,C3,Davies,14:00,13,-18.8059,147.6688,OCDA_FL1D,Offshore Central,Davies,Flank1,Deep,1,Zoe Meziere,29,3,2022,,GPS EcoRRAP sites,2,NA,,Zoe Meziere,,GBRMPA G21/44774.1,Riginos
BLCH50A_BLCH50A,BLCH50A,BLCH50A,NA,Pocillopora damicornis,6,Pdam_10,C4,Davies,14:00,13,-18.8059,147.6688,OCDA_FL1D,Offshore Central,Davies,Flank1,Deep,1,Zoe Meziere,29,3,2022,,GPS EcoRRAP sites,2,NA,,Zoe Meziere,,GBRMPA G21/44774.1,Riginos
BLCH51A_BLCH51A,BLCH51A,BLCH51A,NA,Pocillopora verrucosa,1,Pver_8,C2.5,Davies,14:00,13,-18.8059,147.6688,OCDA_FL1D,Offshore Central,Davies,Flank1,Deep,1,Zoe Meziere,29,3,2022,,GPS EcoRRAP sites,2,NA,,Zoe Meziere,,GBRMPA G21/44774.1,Riginos
BLCH60A_BLCH60A,BLCH60A,BLCH60A,NA,Pocillopora verrucosa,17,Pver_27,C2,Davies,9:30,5,-18.8319,147.6525,OCDA_FR2S,Offshore Central,Davies,Front 2,Shallow,1,Zoe Meziere,30,3,2022,,GPS EcoRRAP sites,2,NA,,Zoe Meziere,,GBRMPA G21/44774.1,Riginos
BLCH61A_BLCH61A,BLCH61A,BLCH61A,NA,Pocillopora meandrina,31,Pver_24,C3,Davies,9:30,5,-18.8319,147.6525,OCDA_FR2S,Offshore Central,Davies,Front 2,Shallow,1,Zoe Meziere,30,3,2022,,GPS EcoRRAP sites,2,NA,,Zoe Meziere,,GBRMPA G21/44774.1,Riginos
BLCH65A_BLCH65A,BLCH65A,BLCH65A,NA,Pocillopora verrucosa,19,Pver_8,C3,Davies,9:30,5,-18.8319,147.6525,OCDA_FR2S,Offshore Central,Davies,Front 2,Shallow,1,Zoe Meziere,30,3,2022,,GPS EcoRRAP sites,2,NA,,Zoe Meziere,,GBRMPA G21/44774.1,Riginos
BLCH68A_BLCH68A,BLCH68A,BLCH68A,NA,Pocillopora damicornis,21,Spis_49,C3,Davies,9:30,5,-18.8319,147.6525,OCDA_FR2S,Offshore Central,Davies,Front 2,Shallow,1,Zoe Meziere,30,3,2022,,GPS EcoRRAP sites,2,NA,,Zoe Meziere,,GBRMPA G21/44774.1,Riginos
BLCH69A_BLCH69A,BLCH69A,BLCH69A,NA,Pocillopora meandrina,1,Pdam_43,C3,Davies,9:30,5,-18.8319,147.6525,OCDA_FR2S,Offshore Central,Davies,Front 2,Shallow,2,Zoe Meziere,30,3,2022,,GPS EcoRRAP sites,2,NA,,Zoe Meziere,,GBRMPA G21/44774.1,Riginos
BLCH70A_BLCH70A,BLCH70A,BLCH70A,NA,Pocillopora damicornis,8,Pmea_6,C3,Davies,9:30,5,-18.8319,147.6525,OCDA_FR2S,Offshore Central,Davies,Front 2,Shallow,2,Zoe Meziere,30,3,2022,,GPS EcoRRAP sites,2,NA,,Zoe Meziere,,GBRMPA G21/44774.1,Riginos
BLCH79A_BLCH79A,BLCH79A,BLCH79A,NA,Pocillopora verrucosa,40,Pver_29,C3,Davies,16:00,5,-18.8145,147.6372,OCDA_BA2S,Offshore Central,Davies,Back 2,Shallow,1,Zoe Meziere,30,3,2022,,GPS EcoRRAP sites,2,NA,,Zoe Meziere,,GBRMPA G21/44774.1,Riginos
BLCH7A_BLCH7A,BLCH7A,BLCH7A,NA,Pocillopora verrucosa,2,Pver_4,C3,Davies,10:30,13,-18.8258,147.6274,OCDA_BA1D,Offshore Central,Davies,Back 1,Deep,2,Zoe Meziere,28,3,2022,,GPS EcoRRAP sites,2,NA,,Zoe Meziere,,GBRMPA G21/44774.1,Riginos
BLCH81A_BLCH81A,BLCH81A,BLCH81A,NA,Pocillopora verrucosa,16,Pver_31,D4,Davies,16:00,5,-18.8145,147.6372,OCDA_BA2S,Offshore Central,Davies,Back 2,Shallow,1,Zoe Meziere,30,3,2022,,GPS EcoRRAP sites,2,NA,,Zoe Meziere,,GBRMPA G21/44774.1,Riginos
BLCH83A_BLCH83A,BLCH83A,BLCH83A,NA,Pocillopora meandrina,10,Pmea_22,C3,Davies,16:00,5,-18.8145,147.6372,OCDA_BA2S,Offshore Central,Davies,Back 2,Shallow,1,Zoe Meziere,30,3,2022,,GPS EcoRRAP sites,2,NA,,Zoe Meziere,,GBRMPA G21/44774.1,Riginos
BLCH88A_BLCH88A,BLCH88A,BLCH88A,NA,Pocillopora verrucosa,28,Pver_43,B4,Davies,16:00,5,-18.8145,147.6372,OCDA_BA2S,Offshore Central,Davies,Back 2,Shallow,1,Zoe Meziere,30,3,2022,,GPS EcoRRAP sites,2,NA,,Zoe Meziere,,GBRMPA G21/44774.1,Riginos
BLCH8A_BLCH8A,BLCH8A,BLCH8A,NA,Pocillopora verrucosa,12,Pver_19,E4,Davies,14:30,5,-18.8259,147.6273,OCDA_BA1S,Offshore Central,Davies,Back 1,Shallow,4,Zoe Meziere,28,3,2022,,GPS EcoRRAP sites,2,NA,,Zoe Meziere,,GBRMPA G21/44774.1,Riginos
BLCH90A_BLCH90A,BLCH90A,BLCH90A,NA,Pocillopora verrucosa,19,Pver_17,E3,Davies,16:00,5,-18.8145,147.6372,OCDA_BA2S,Offshore Central,Davies,Back 2,Shallow,1,Zoe Meziere,30,3,2022,,GPS EcoRRAP sites,2,NA,,Zoe Meziere,,GBRMPA G21/44774.1,Riginos
BLCH92A_BLCH92A,BLCH92A,BLCH92A,NA,Pocillopora verrucosa,26,Pver_15,C3,Davies,16:00,5,-18.8145,147.6372,OCDA_BA2S,Offshore Central,Davies,Back 2,Shallow,1,Zoe Meziere,30,3,2022,,GPS EcoRRAP sites,2,NA,,Zoe Meziere,,GBRMPA G21/44774.1,Riginos
Pacu_OCDA_680_Pacu_OCDA_680,Pacu_OCDA_680,Pacu_OCDA_680,680,Pocillopora acuta,13,NA,NA,Davies,16:00,15,-18.80592,147.6688,OCDA_FL1D,Offshore Central GBR,Davies,Flank1,Deep,,Zoe Meziere,19,1,2022,,GPS EcoRRAP sites,20,NA,,Zoe Meziere,P5240106 |P5240107,GBRMPA G21/44774.1,Riginos
Pacu_OCLB_729_Pacu_OCLB_729,Pacu_OCLB_729,Pacu_OCLB_729,729,Pocillopora acuta,13,NA,NA,Little Broadhurst,15:00,5,-18.949382,147.701909,OCLB_LA1S,Offshore Central GBR,Little Broadhurst,Lagoon1,Shallow,,Zoe Meziere,21,1,2022,,GPS EcoRRAP sites,20,NA,,Zoe Meziere,P5240106 |P5240107,GBRMPA G21/44774.1,Riginos
Pacu_TSAU_825_Pacu_TSAU_825,Pacu_TSAU_825,Pacu_TSAU_825,825,Pocillopora acuta,13,Pdam0_P4,NA,Aukane,10:00,14,-9.88359,143.4072,TSAU_FR2D,Torres Strait,Aukane,Front2,Deep,4,Cynthia Riginos,10,3,2022,took big fragment for morphlogy,GPS EcoRRAP sites,2,NA,PRM; large skeletal piece preserved,Cynthia Riginos,P3100004 | P3100005,GBRMPA G21/44774.1,Riginos
Pacu_TSMA_903_Pacu_TSMA_903,Pacu_TSMA_903,Pacu_TSMA_903,903,Pocillopora acuta,,Pacu_9_P2,NA,Masig,10:00,13,-9.76396,143.417,TSMA_FR1D,Torres Strait,Masig,Front1,Deep,2,Cynthia Riginos,13,3,2022,took big fragment for morphlogy,GPS EcoRRAP sites,2,NA,PRM,Cynthia Riginos,P3130001 | P3130002,GBRMPA G21/44774.1,Riginos
Pacu_TSMA_910_Pacu_TSMA_910,Pacu_TSMA_910,Pacu_TSMA_910,910,Pocillopora acuta,,NA,NA,Masig,10:00,13,-9.76396,143.417,TSMA_FR1D,Torres Strait,Masig,Front1,Deep,1,Cynthia Riginos,13,3,2022,,GPS EcoRRAP sites,2,NA,PRM,Cynthia Riginos,P3130016 | P3130017,GBRMPA G21/44774.1,Riginos
Pdam_CBLM_1198_Pdam_CBLM_1198,Pdam_CBLM_1198,Pdam_CBLM_1198,1198,Pocillopora damicornis,21,not on ortho,NA,Lady Musgrave ,15:15,5,-23.9002,152.3936,CBLM_BA1S,Offshore South GBR,Lady Musgrave ,Back1,Shallow,3,Iva Popovic,2,5,2022,,GPS EcoRRAP sites,2,NA,,Iva Popovic,P3160046 | P3160159,GBRMPA G21/44774.1,Riginos
Pdam_OCCH_667_Pdam_OCCH_667,Pdam_OCCH_667,Pdam_OCCH_667,667,Pocillopora damicornis,14,NA,NA,Chicken,9:00,6,-18.6532055,147.708533,OCCH_BA1S,Offshore Central GBR,Chicken,Back1,Shallow,,Zoe Meziere,18,1,2022,,GPS EcoRRAP sites,20,NA,uncertain ID,Zoe Meziere,P5240106 |P5240107,GBRMPA G21/44774.1,Riginos
Pdam_OCDA_673_Pdam_OCDA_673,Pdam_OCDA_673,Pdam_OCDA_673,673,Pocillopora damicornis,10,NA,NA,Davies,16:00,15,-18.80592,147.6688,OCDA_FL1D,Offshore Central GBR,Davies,Flank1,Deep,,Zoe Meziere,19,1,2022,,GPS EcoRRAP sites,20,NA,uncertain ID,Zoe Meziere,P5240106 |P5240107,GBRMPA G21/44774.1,Riginos
Pdam_OCDA_676_Pdam_OCDA_676,Pdam_OCDA_676,Pdam_OCDA_676,676,Pocillopora damicornis,4,NA,NA,Davies,16:00,15,-18.80592,147.6688,OCDA_FL1D,Offshore Central GBR,Davies,Flank1,Deep,,Zoe Meziere,19,1,2022,,GPS EcoRRAP sites,20,NA,uncertain ID,Zoe Meziere,P5240106 |P5240107,GBRMPA G21/44774.1,Riginos
Pdam_OCDA_689_Pdam_OCDA_689,Pdam_OCDA_689,Pdam_OCDA_689,689,Pocillopora damicornis,10,NA,NA,Davies,9:00,5,-18.80575,147.6686,OCDA_FL1S,Offshore Central GBR,Davies,Flank1,Shallow,,Zoe Meziere,20,1,2022,,GPS EcoRRAP sites,20,NA,,Zoe Meziere,P5240106 |P5240107,GBRMPA G21/44774.1,Riginos
Pdam_OCDA_694_Pdam_OCDA_694,Pdam_OCDA_694,Pdam_OCDA_694,694,Pocillopora damicornis,5,NA,NA,Davies,9:00,5,-18.80575,147.6686,OCDA_FL1S,Offshore Central GBR,Davies,Flank1,Shallow,,Zoe Meziere,20,1,2022,,GPS EcoRRAP sites,20,NA,,Zoe Meziere,P5240106 |P5240107,GBRMPA G21/44774.1,Riginos
Pdam_OCLB_730_Pdam_OCLB_730,Pdam_OCLB_730,Pdam_OCLB_730,730,Pocillopora damicornis,14,NA,NA,Little Broadhurst,15:00,5,-18.949382,147.701909,OCLB_LA1S,Offshore Central GBR,Little Broadhurst,Lagoon1,Shallow,,Zoe Meziere,21,1,2022,Bleached,GPS EcoRRAP sites,20,NA,,Zoe Meziere,P5240106 |P5240107,GBRMPA G21/44774.1,Riginos
Pdam_OCLB_733_Pdam_OCLB_733,Pdam_OCLB_733,Pdam_OCLB_733,733,Pocillopora damicornis,9,NA,NA,Little Broadhurst,15:00,5,-18.949382,147.701909,OCLB_LA1S,Offshore Central GBR,Little Broadhurst,Lagoon1,Shallow,,Zoe Meziere,21,1,2022,,GPS EcoRRAP sites,20,NA,,Zoe Meziere,P5240106 |P5240107,GBRMPA G21/44774.1,Riginos
Pdam_OCLB_735_Pdam_OCLB_735,Pdam_OCLB_735,Pdam_OCLB_735,735,Pocillopora damicornis,7,NA,NA,Little Broadhurst,16:00,5,-18.949382,147.701909,OCLB_LA1S,Offshore Central GBR,Little Broadhurst,Lagoon1,Shallow,,Zoe Meziere,21,1,2022,,GPS EcoRRAP sites,20,NA,,Zoe Meziere,P5240106 |P5240108,GBRMPA G21/44774.1,Riginos
Pdam_ONLI_790_Pdam_ONLI_790,Pdam_ONLI_790,Pdam_ONLI_790,790,Pocillopora damicornis,14,Pdam24_P2,NA,Lizard,16:00,5,-15.755283,145.738859,ONLI_FR1S,Offshore North GBR,Lizard,Front1,Shallow,2,Cynthia Riginos,6,3,2022,,GPS EcoRRAP sites,1,NA,PRM,Cynthia Riginos,<renamed but would have to manually reconstruct originals>,GBRMPA G21/44774.1,Riginos
Pdam_TSMA_956_Pdam_TSMA_956,Pdam_TSMA_956,Pdam_TSMA_956,956,Pocillopora damicornis,bag2,NA,NA,Masig,10:30,14,-9.7487,143.3998,TSMA_BA1D,Torres Strait,Masig,Back1,Deep,between 1 & 2,Cynthia Riginos,15,3,2022,,GPS EcoRRAP sites,2,NA,CR,Cynthia Riginos,P3150021 | P3150022,GBRMPA G21/44774.1,Riginos
Pdam_TSMA_969_Pdam_TSMA_969,Pdam_TSMA_969,Pdam_TSMA_969,969,Pocillopora damicornis,5,Pdam_22_P1,NA,Masig,14:20,4,-9.7489,143.3998,TSMA_BA1S,Torres Strait,Masig,Back1,Shallow,1,Cynthia Riginos,15,3,2022,,GPS EcoRRAP sites,2,NA,CR,Cynthia Riginos,P3150071 | P3150072,GBRMPA G21/44774.1,Riginos
Peyd_CBHE_1422_Peyd_CBHE_1422,Peyd_CBHE_1422,Peyd_CBHE_1422,1422,Pocillopora eydouxi,14,Peyd_52,NA,Heron,14:30,5,-23.434,151.9209,CBHE_BA2S,Offshore South GBR,Heron,Back2,Shallow,4,Iva Popovic,9,5,2022,,GPS EcoRRAP sites,2,NA,,Iva Popovic,P3160046 | P3160169,GBRMPA G21/44774.1,Riginos
Pmea_CBLM_1199_Pmea_CBLM_1199,Pmea_CBLM_1199,Pmea_CBLM_1199,1199,Pocillopora meandrina,15,not on ortho,NA,Lady Musgrave ,15:15,5,-23.9002,152.3936,CBLM_BA1S,Offshore South GBR,Lady Musgrave ,Back1,Shallow,4,Iva Popovic,2,5,2022,,GPS EcoRRAP sites,2,NA,possibly Pver,Iva Popovic,P3160046 | P3160171,GBRMPA G21/44774.1,Riginos
Pmea_OCCH_664_Pmea_OCCH_664,Pmea_OCCH_664,Pmea_OCCH_664,664,Pocillopora meandrina,2,NA,NA,Chicken,9:00,6,-18.6532055,147.708533,OCCH_BA1S,Offshore Central GBR,Chicken,Back1,Shallow,,Zoe Meziere,18,1,2022,,GPS EcoRRAP sites,20,NA,uncertain ID,Zoe Meziere,P5240106 |P5240107,GBRMPA G21/44774.1,Riginos
Pmea_OCCH_666_Pmea_OCCH_666,Pmea_OCCH_666,Pmea_OCCH_666,666,Pocillopora meandrina,5,NA,NA,Chicken,9:00,6,-18.6532055,147.708533,OCCH_BA1S,Offshore Central GBR,Chicken,Back1,Shallow,,Zoe Meziere,18,1,2022,,GPS EcoRRAP sites,20,NA,uncertain ID,Zoe Meziere,P5240106 |P5240107,GBRMPA G21/44774.1,Riginos
Pmea_OCLB_722_Pmea_OCLB_722,Pmea_OCLB_722,Pmea_OCLB_722,722,Pocillopora meandrina,6,NA,NA,Little Broadhurst,10:00,5,-18.944062,147.699285,OCLB_FL1S,Offshore Central GBR,Little Broadhurst,Flank1,Shallow,,Zoe Meziere,21,1,2022,,GPS EcoRRAP sites,20,NA,,Zoe Meziere,P5240106 |P5240107,GBRMPA G21/44774.1,Riginos
Pmea_TSDU_1154_Pmea_TSDU_1154,Pmea_TSDU_1154,Pmea_TSDU_1154,1154,Pocillopora meandrina,15,Pmea_17,NA,Dungeness,16:00,5,-10.0371,142.9265,TSDU_FR2S,Torres Strait,Dungeness,Front2,Shallow,1,Cynthia Riginos,21,3,2022,took big fragment for morphlogy,GPS EcoRRAP sites,2,NA,CR,Cynthia Riginos,P3210051 | P3210052,GBRMPA G21/44774.1,Riginos
Pmea_TSMA_943_Pmea_TSMA_943,Pmea_TSMA_943,Pmea_TSMA_943,943,Pocillopora meandrina,,Pver_03_P3,NA,Masig,13:30,4,-9.74838,143.4585,TSMA_FR2S,Torres Strait,Masig,Front2,Shallow,?,Cynthia Riginos,14,3,2022,,GPS EcoRRAP sites,2,NA,PRM,Cynthia Riginos,P3140022 | P3140023 | P3140024,GBRMPA G21/44774.1,Riginos
Pmea_TSMA_967_Pmea_TSMA_967,Pmea_TSMA_967,Pmea_TSMA_967,967,Pocillopora meandrina,11,NA,NA,Masig,14:20,4,-9.7489,143.3998,TSMA_BA1S,Torres Strait,Masig,Back1,Shallow,4,Cynthia Riginos,15,3,2022,,GPS EcoRRAP sites,2,NA,PRM,Cynthia Riginos,P3150065 | P3150066,GBRMPA G21/44774.1,Riginos
Pver_CBHE_1371_Pver_CBHE_1371,Pver_CBHE_1371,Pver_CBHE_1371,1371,Pocillopora verrucosa,30,not on ortho,NA,Heron,10:00,13,-23.428,151.9525,CBHE_BA1D,Offshore South GBR,Heron,Back1,Deep,2,Iva Popovic,8,5,2022,,GPS EcoRRAP sites,2,NA,,Iva Popovic,P3160046 | P3160184,GBRMPA G21/44774.1,Riginos
Pver_CBLM_1194_Pver_CBLM_1194,Pver_CBLM_1194,Pver_CBLM_1194,1194,Pocillopora verrucosa,37,not on ortho,NA,Lady Musgrave ,15:15,5,-23.9002,152.3936,CBLM_BA1S,Offshore South GBR,Lady Musgrave ,Back1,Shallow,1,Iva Popovic,2,5,2022,,GPS EcoRRAP sites,2,NA,,Iva Popovic,P3160046 | P3160172,GBRMPA G21/44774.1,Riginos
Pver_CBLM_1247_Pver_CBLM_1247,Pver_CBLM_1247,Pver_CBLM_1247,1247,Pocillopora verrucosa,22,Pver_7,NA,Lady Musgrave ,10:25,5,-23.8849,152.4136,CBLM_FL1S,Offshore South GBR,Lady Musgrave ,Flank1,Shallow,2,Iva Popovic,4,5,2022,,GPS EcoRRAP sites,2,NA,,Iva Popovic,P3160046 | P3160176,GBRMPA G21/44774.1,Riginos
Pver_CBLM_1248_Pver_CBLM_1248,Pver_CBLM_1248,Pver_CBLM_1248,1248,Pocillopora verrucosa,28,Pver_41,NA,Lady Musgrave ,10:25,5,-23.8849,152.4136,CBLM_FL1S,Offshore South GBR,Lady Musgrave ,Flank1,Shallow,2,Iva Popovic,4,5,2022,,GPS EcoRRAP sites,2,NA,,Iva Popovic,P3160046 | P3160177,GBRMPA G21/44774.1,Riginos
Pver_FLI_2_R_Pver_FLI_2_R,Pver_FLI_2_R,Pver_FLI_2,2,Pocillopora verrucosa,129,NA,NA,Flinders,12:00,NA,-26.97,153.48,FLI_SB1D,,Deep,FLI_SB1D,Pocillopora verrucosa,Flinders,,3,6,2022,,,Ilha Byrne,NA,,,Ilha Byrne,,Ilha Byrne
Pver_OCCH_627_Pver_OCCH_627,Pver_OCCH_627,Pver_OCCH_627,627,Pocillopora verrucosa,1,NA,NA,Chicken,9:00,5,-18.660365,147.702675,OCCH_BA2S,Offshore Central GBR,Chicken,Back2,Shallow,,Zoe Meziere,17,1,2022,,GPS EcoRRAP sites,20,NA,,Zoe Meziere,P5240106 |P5240107,GBRMPA G21/44774.1,Riginos
Pver_OCCH_630_Pver_OCCH_630,Pver_OCCH_630,Pver_OCCH_630,630,Pocillopora verrucosa,12,NA,NA,Chicken,9:00,5,-18.660365,147.702675,OCCH_BA2S,Offshore Central GBR,Chicken,Back2,Shallow,,Zoe Meziere,17,1,2022,,GPS EcoRRAP sites,20,NA,,Zoe Meziere,P5240106 |P5240107,GBRMPA G21/44774.1,Riginos
Pver_OCCH_633_Pver_OCCH_633,Pver_OCCH_633,Pver_OCCH_633,633,Pocillopora verrucosa,2,NA,NA,Chicken,9:00,5,-18.660365,147.702675,OCCH_BA2S,Offshore Central GBR,Chicken,Back2,Shallow,,Zoe Meziere,17,1,2022,,GPS EcoRRAP sites,20,NA,,Zoe Meziere,P5240106 |P5240107,GBRMPA G21/44774.1,Riginos
Pver_OCCH_635_Pver_OCCH_635,Pver_OCCH_635,Pver_OCCH_635,635,Pocillopora verrucosa,13,NA,NA,Chicken,9:00,5,-18.660365,147.702675,OCCH_BA2S,Offshore Central GBR,Chicken,Back2,Shallow,,Zoe Meziere,17,1,2022,,GPS EcoRRAP sites,20,NA,,Zoe Meziere,P5240106 |P5240107,GBRMPA G21/44774.1,Riginos
Pver_OCCH_638_Pver_OCCH_638,Pver_OCCH_638,Pver_OCCH_638,638,Pocillopora verrucosa,7,NA,NA,Chicken,9:00,5,-18.660365,147.702675,OCCH_BA2S,Offshore Central GBR,Chicken,Back2,Shallow,,Zoe Meziere,17,1,2022,,GPS EcoRRAP sites,20,NA,,Zoe Meziere,P5240106 |P5240107,GBRMPA G21/44774.1,Riginos
Pver_OCCH_639_Pver_OCCH_639,Pver_OCCH_639,Pver_OCCH_639,639,Pocillopora verrucosa,3,NA,NA,Chicken,9:00,5,-18.660365,147.702675,OCCH_BA2S,Offshore Central GBR,Chicken,Back2,Shallow,,Zoe Meziere,17,1,2022,,GPS EcoRRAP sites,20,NA,Skelleton sample,Zoe Meziere,P5240106 |P5240107,GBRMPA G21/44774.1,Riginos
Pver_OCCH_645_Pver_OCCH_645,Pver_OCCH_645,Pver_OCCH_645,645,Pocillopora verrucosa,1,NA,NA,Chicken,9:00,6,-18.652217,147.7184615,OCCH_FL1S,Offshore Central GBR,Chicken,Flank1,Shallow,,Zoe Meziere,18,1,2022,,GPS EcoRRAP sites,20,NA,,Zoe Meziere,P5240106 |P5240107,GBRMPA G21/44774.1,Riginos
Pver_OCCH_650_Pver_OCCH_650,Pver_OCCH_650,Pver_OCCH_650,650,Pocillopora verrucosa,4,NA,NA,Chicken,9:00,6,-18.652217,147.7184615,OCCH_FL1S,Offshore Central GBR,Chicken,Flank1,Shallow,,Zoe Meziere,18,1,2022,,GPS EcoRRAP sites,20,NA,,Zoe Meziere,P5240106 |P5240107,GBRMPA G21/44774.1,Riginos
Pver_OCCH_656_Pver_OCCH_656,Pver_OCCH_656,Pver_OCCH_656,656,Pocillopora verrucosa,13,NA,NA,Chicken,9:00,6,-18.6532055,147.708533,OCCH_BA1S,Offshore Central GBR,Chicken,Back1,Shallow,,Zoe Meziere,18,1,2022,,GPS EcoRRAP sites,20,NA,,Zoe Meziere,P5240106 |P5240107,GBRMPA G21/44774.1,Riginos
Pver_OCCH_657_Pver_OCCH_657,Pver_OCCH_657,Pver_OCCH_657,657,Pocillopora verrucosa,9,NA,NA,Chicken,9:00,6,-18.6532055,147.708533,OCCH_BA1S,Offshore Central GBR,Chicken,Back1,Shallow,,Zoe Meziere,18,1,2022,,GPS EcoRRAP sites,20,NA,,Zoe Meziere,P5240106 |P5240107,GBRMPA G21/44774.1,Riginos
Pver_OCCH_658_Pver_OCCH_658,Pver_OCCH_658,Pver_OCCH_658,658,Pocillopora verrucosa,3,NA,NA,Chicken,9:00,6,-18.6532055,147.708533,OCCH_BA1S,Offshore Central GBR,Chicken,Back1,Shallow,,Zoe Meziere,18,1,2022,,GPS EcoRRAP sites,20,NA,,Zoe Meziere,P5240106 |P5240107,GBRMPA G21/44774.1,Riginos
Pver_OCCH_660_Pver_OCCH_660,Pver_OCCH_660,Pver_OCCH_660,660,Pocillopora verrucosa,6,NA,NA,Chicken,9:00,6,-18.6532055,147.708533,OCCH_BA1S,Offshore Central GBR,Chicken,Back1,Shallow,,Zoe Meziere,18,1,2022,,GPS EcoRRAP sites,20,NA,uncertain ID,Zoe Meziere,P5240106 |P5240107,GBRMPA G21/44774.1,Riginos
Pver_OCCH_665_Pver_OCCH_665,Pver_OCCH_665,Pver_OCCH_665,665,Pocillopora verrucosa,1,NA,NA,Chicken,9:00,6,-18.6532055,147.708533,OCCH_BA1S,Offshore Central GBR,Chicken,Back1,Shallow,,Zoe Meziere,18,1,2022,,GPS EcoRRAP sites,20,NA,uncertain ID,Zoe Meziere,P5240106 |P5240107,GBRMPA G21/44774.1,Riginos
Pver_OCDA_569_Pver_OCDA_569,Pver_OCDA_569,Pver_OCDA_569,569,Pocillopora verrucosa,4,NA,NA,Davies,15:00,13,-18.83191,147.65257,OCDA_FR2D,Offshore Central GBR,Davies,Front2,Deep,,Zoe Meziere,15,1,2022,,GPS EcoRRAP sites,20,NA,,Zoe Meziere,P5240106 |P5240107,GBRMPA G21/44774.1,Riginos
Pver_OCDA_572_Pver_OCDA_572,Pver_OCDA_572,Pver_OCDA_572,572,Pocillopora verrucosa,2,NA,NA,Davies,15:00,13,-18.83191,147.65257,OCDA_FR2D,Offshore Central GBR,Davies,Front2,Deep,,Zoe Meziere,15,1,2022,,GPS EcoRRAP sites,20,NA,,Zoe Meziere,P5240106 |P5240107,GBRMPA G21/44774.1,Riginos
Pver_OCDA_574_Pver_OCDA_574,Pver_OCDA_574,Pver_OCDA_574,574,Pocillopora verrucosa,8,NA,NA,Davies,15:00,13,-18.83191,147.65257,OCDA_FR2D,Offshore Central GBR,Davies,Front2,Deep,,Zoe Meziere,15,1,2022,,GPS EcoRRAP sites,20,NA,,Zoe Meziere,P5240106 |P5240107,GBRMPA G21/44774.1,Riginos
Pver_OCDA_578_Pver_OCDA_578,Pver_OCDA_578,Pver_OCDA_578,578,Pocillopora verrucosa,5,NA,NA,Davies,15:00,13,-18.83191,147.65257,OCDA_FR2D,Offshore Central GBR,Davies,Front2,Deep,,Zoe Meziere,15,1,2022,,GPS EcoRRAP sites,20,NA,,Zoe Meziere,P5240106 |P5240107,GBRMPA G21/44774.1,Riginos
Pver_OCDA_580_Pver_OCDA_580,Pver_OCDA_580,Pver_OCDA_580,580,Pocillopora verrucosa,11,NA,NA,Davies,15:00,13,-18.83191,147.65257,OCDA_FR2D,Offshore Central GBR,Davies,Front2,Deep,,Zoe Meziere,15,1,2022,,GPS EcoRRAP sites,20,NA,,Zoe Meziere,P5240106 |P5240107,GBRMPA G21/44774.1,Riginos
Pver_OCDA_583_Pver_OCDA_583,Pver_OCDA_583,Pver_OCDA_583,583,Pocillopora verrucosa,9,NA,NA,Davies,15:00,13,-18.83191,147.65257,OCDA_FR2D,Offshore Central GBR,Davies,Front2,Deep,,Zoe Meziere,15,1,2022,,GPS EcoRRAP sites,20,NA,,Zoe Meziere,P5240106 |P5240107,GBRMPA G21/44774.1,Riginos
Pver_OCDA_585_Pver_OCDA_585,Pver_OCDA_585,Pver_OCDA_585,585,Pocillopora verrucosa,10,NA,NA,Davies,9:00,5,-18.83187,147.6525,OCDA_FR2S,Offshore Central GBR,Davies,Front2,Shallow,,Zoe Meziere,15,1,2022,,GPS EcoRRAP sites,20,NA,,Zoe Meziere,P5240106 |P5240107,GBRMPA G21/44774.1,Riginos
Pver_OCDA_590_Pver_OCDA_590,Pver_OCDA_590,Pver_OCDA_586,586,Pocillopora verrucosa,3,NA,NA,Davies,9:00,5,-18.83187,147.6525,OCDA_FR2S,Offshore Central GBR,Davies,Front2,Shallow,,Zoe Meziere,15,1,2022,,GPS EcoRRAP sites,20,NA,,Zoe Meziere,P5240106 |P5240107,GBRMPA G21/44774.1,Riginos
Pver_OCDA_591_Pver_OCDA_591,Pver_OCDA_591,Pver_OCDA_590,590,Pocillopora verrucosa,5,NA,NA,Davies,9:00,5,-18.83187,147.6525,OCDA_FR2S,Offshore Central GBR,Davies,Front2,Shallow,,Zoe Meziere,15,1,2022,,GPS EcoRRAP sites,20,NA,,Zoe Meziere,P5240106 |P5240107,GBRMPA G21/44774.1,Riginos
Pver_OCDA_596_Pver_OCDA_596,Pver_OCDA_596,Pver_OCDA_592,592,Pocillopora verrucosa,13,NA,NA,Davies,9:00,5,-18.83187,147.6525,OCDA_FR2S,Offshore Central GBR,Davies,Front2,Shallow,,Zoe Meziere,15,1,2022,,GPS EcoRRAP sites,20,NA,,Zoe Meziere,P5240106 |P5240107,GBRMPA G21/44774.1,Riginos
Pver_OCDA_605_Pver_OCDA_605,Pver_OCDA_605,Pver_OCDA_596,596,Pocillopora verrucosa,12,NA,NA,Davies,9:00,5,-18.83187,147.6525,OCDA_FR2S,Offshore Central GBR,Davies,Front2,Shallow,,Zoe Meziere,15,1,2022,,GPS EcoRRAP sites,20,NA,,Zoe Meziere,P5240106 |P5240107,GBRMPA G21/44774.1,Riginos
Pver_OCDA_606_Pver_OCDA_606,Pver_OCDA_606,Pver_OCDA_605,605,Pocillopora verrucosa,4,NA,NA,Davies,15:00,14,-18.81966,147.66394,OCDA_FR1D,Offshore Central GBR,Davies,Front1,Deep,,Zoe Meziere,16,1,2022,,GPS EcoRRAP sites,20,NA,,Zoe Meziere,P5240106 |P5240107,GBRMPA G21/44774.1,Riginos
Pver_OCDA_609_Pver_OCDA_609,Pver_OCDA_609,Pver_OCDA_608,608,Pocillopora verrucosa,8,NA,NA,Davies,15:00,14,-18.81966,147.66394,OCDA_FR1D,Offshore Central GBR,Davies,Front1,Deep,,Zoe Meziere,16,1,2022,,GPS EcoRRAP sites,20,NA,,Zoe Meziere,P5240106 |P5240107,GBRMPA G21/44774.1,Riginos
Pver_OCDA_612_Pver_OCDA_612,Pver_OCDA_612,Pver_OCDA_609,609,Pocillopora verrucosa,1,NA,NA,Davies,15:00,14,-18.81966,147.66394,OCDA_FR1D,Offshore Central GBR,Davies,Front1,Deep,,Zoe Meziere,16,1,2022,,GPS EcoRRAP sites,20,NA,,Zoe Meziere,P5240106 |P5240107,GBRMPA G21/44774.1,Riginos
Pver_OCDA_614_R_Pver_OCDA_614_R,Pver_OCDA_614_R,Pver_OCDA_614,614,Pocillopora verrucosa,1,NA,NA,Davies,9:00,6,-18.8192,147.66391,OCDA_FR1S,Offshore Central GBR,Davies,Front1,Shallow,,Zoe Meziere,16,1,2022,,GPS EcoRRAP sites,20,NA,,Zoe Meziere,P5240106 |P5240107,GBRMPA G21/44774.1,Riginos
Pver_OCDA_616_Pver_OCDA_616,Pver_OCDA_616,Pver_OCDA_616,616,Pocillopora verrucosa,13,NA,NA,Davies,9:00,6,-18.8192,147.66391,OCDA_FR1S,Offshore Central GBR,Davies,Front1,Shallow,,Zoe Meziere,16,1,2022,,GPS EcoRRAP sites,20,NA,Skelloton sample,Zoe Meziere,P5240106 |P5240107,GBRMPA G21/44774.1,Riginos
Pver_OCDA_618_Pver_OCDA_618,Pver_OCDA_618,Pver_OCDA_618,618,Pocillopora verrucosa,2,NA,NA,Davies,9:00,6,-18.8192,147.66391,OCDA_FR1S,Offshore Central GBR,Davies,Front1,Shallow,,Zoe Meziere,16,1,2022,,GPS EcoRRAP sites,20,NA,,Zoe Meziere,P5240106 |P5240107,GBRMPA G21/44774.1,Riginos
Pver_OCDA_620_Pver_OCDA_620,Pver_OCDA_620,Pver_OCDA_620,620,Pocillopora verrucosa,5,NA,NA,Davies,9:00,6,-18.8192,147.66391,OCDA_FR1S,Offshore Central GBR,Davies,Front1,Shallow,,Zoe Meziere,16,1,2022,,GPS EcoRRAP sites,20,NA,,Zoe Meziere,P5240106 |P5240107,GBRMPA G21/44774.1,Riginos
Pver_OCDA_623_Pver_OCDA_623,Pver_OCDA_623,Pver_OCDA_623,623,Pocillopora verrucosa,6,NA,NA,Davies,9:00,6,-18.8192,147.66391,OCDA_FR1S,Offshore Central GBR,Davies,Front1,Shallow,,Zoe Meziere,16,1,2022,,GPS EcoRRAP sites,20,NA,,Zoe Meziere,P5240106 |P5240107,GBRMPA G21/44774.1,Riginos
Pver_OCDA_625_Pver_OCDA_625,Pver_OCDA_625,Pver_OCDA_625,625,Pocillopora verrucosa,11,NA,NA,Davies,9:00,6,-18.8192,147.66391,OCDA_FR1S,Offshore Central GBR,Davies,Front1,Shallow,,Zoe Meziere,16,1,2022,,GPS EcoRRAP sites,20,NA,Skelleton sample,Zoe Meziere,P5240106 |P5240107,GBRMPA G21/44774.1,Riginos
Pver_OCDA_669_Pver_OCDA_669,Pver_OCDA_669,Pver_OCDA_669,669,Pocillopora verrucosa,8,NA,NA,Davies,16:00,15,-18.80592,147.6688,OCDA_FL1D,Offshore Central GBR,Davies,Flank1,Deep,,Zoe Meziere,19,1,2022,,GPS EcoRRAP sites,20,NA,,Zoe Meziere,P5240106 |P5240107,GBRMPA G21/44774.1,Riginos
Pver_OCDA_671_Pver_OCDA_671,Pver_OCDA_671,Pver_OCDA_671,671,Pocillopora verrucosa,7,NA,NA,Davies,16:00,15,-18.80592,147.6688,OCDA_FL1D,Offshore Central GBR,Davies,Flank1,Deep,,Zoe Meziere,19,1,2022,,GPS EcoRRAP sites,20,NA,,Zoe Meziere,P5240106 |P5240107,GBRMPA G21/44774.1,Riginos
Pver_OCDA_678_Pver_OCDA_678,Pver_OCDA_678,Pver_OCDA_678,678,Pocillopora verrucosa,15,NA,NA,Davies,16:00,15,-18.80592,147.6688,OCDA_FL1D,Offshore Central GBR,Davies,Flank1,Deep,,Zoe Meziere,19,1,2022,,GPS EcoRRAP sites,20,NA,,Zoe Meziere,P5240106 |P5240107,GBRMPA G21/44774.1,Riginos
Pver_OCDA_681_Pver_OCDA_681,Pver_OCDA_681,Pver_OCDA_681,681,Pocillopora verrucosa,12,NA,NA,Davies,16:00,15,-18.80592,147.6688,OCDA_FL1D,Offshore Central GBR,Davies,Flank1,Deep,,Zoe Meziere,19,1,2022,,GPS EcoRRAP sites,20,NA,,Zoe Meziere,P5240106 |P5240107,GBRMPA G21/44774.1,Riginos
Pver_OCDA_682_Pver_OCDA_682,Pver_OCDA_682,Pver_OCDA_682,682,Pocillopora verrucosa,14,NA,NA,Davies,16:00,15,-18.80592,147.6688,OCDA_FL1D,Offshore Central GBR,Davies,Flank1,Deep,,Zoe Meziere,19,1,2022,,GPS EcoRRAP sites,20,NA,,Zoe Meziere,P5240106 |P5240107,GBRMPA G21/44774.1,Riginos
Pver_OCDA_684_Pver_OCDA_684,Pver_OCDA_684,Pver_OCDA_684,684,Pocillopora verrucosa,13,NA,NA,Davies,9:00,5,-18.80575,147.6686,OCDA_FL1S,Offshore Central GBR,Davies,Flank1,Shallow,,Zoe Meziere,20,1,2022,,GPS EcoRRAP sites,20,NA,,Zoe Meziere,P5240106 |P5240107,GBRMPA G21/44774.1,Riginos
Pver_OCDA_692_Pver_OCDA_692,Pver_OCDA_692,Pver_OCDA_692,692,Pocillopora verrucosa,6,NA,NA,Davies,9:00,5,-18.80575,147.6686,OCDA_FL1S,Offshore Central GBR,Davies,Flank1,Shallow,,Zoe Meziere,20,1,2022,,GPS EcoRRAP sites,20,NA,,Zoe Meziere,P5240106 |P5240107,GBRMPA G21/44774.1,Riginos
Pver_OCDA_693_Pver_OCDA_693,Pver_OCDA_693,Pver_OCDA_693,693,Pocillopora verrucosa,15,NA,NA,Davies,9:00,5,-18.80575,147.6686,OCDA_FL1S,Offshore Central GBR,Davies,Flank1,Shallow,,Zoe Meziere,20,1,2022,,GPS EcoRRAP sites,20,NA,,Zoe Meziere,P5240106 |P5240107,GBRMPA G21/44774.1,Riginos
Pver_OCDA_696_Pver_OCDA_696,Pver_OCDA_696,Pver_OCDA_696,696,Pocillopora verrucosa,8,NA,NA,Davies,9:00,5,-18.80575,147.6686,OCDA_FL1S,Offshore Central GBR,Davies,Flank1,Shallow,,Zoe Meziere,20,1,2022,,GPS EcoRRAP sites,20,NA,,Zoe Meziere,P5240106 |P5240107,GBRMPA G21/44774.1,Riginos
Pver_OCDA_741_Pver_OCDA_741,Pver_OCDA_741,Pver_OCDA_741,741,Pocillopora verrucosa,5,NA,NA,Davies,9:00,5,-18.833,147.63338,OCDA_LA1S,Offshore Central GBR,Davies,Lagoon1,Shallow,,Zoe Meziere,22,1,2022,Partially bleached,GPS EcoRRAP sites,20,NA,,Zoe Meziere,P5240106 |P5240112,GBRMPA G21/44774.1,Riginos
Pver_OCDA_744_Pver_OCDA_744,Pver_OCDA_744,Pver_OCDA_744,744,Pocillopora verrucosa,9,NA,NA,Davies,9:00,5,-18.833,147.63338,OCDA_LA1S,Offshore Central GBR,Davies,Lagoon1,Shallow,,Zoe Meziere,22,1,2022,Partially bleached,GPS EcoRRAP sites,20,NA,,Zoe Meziere,P5240106 |P5240112,GBRMPA G21/44774.1,Riginos
Pver_OCDA_745_Pver_OCDA_745,Pver_OCDA_745,Pver_OCDA_745,745,Pocillopora verrucosa,14,NA,NA,Davies,9:00,5,-18.833,147.63338,OCDA_LA1S,Offshore Central GBR,Davies,Lagoon1,Shallow,,Zoe Meziere,22,1,2022,bleached,GPS EcoRRAP sites,20,NA,,Zoe Meziere,P5240106 |P5240112,GBRMPA G21/44774.1,Riginos
Pver_OCDA_750_Pver_OCDA_750,Pver_OCDA_750,Pver_OCDA_750,750,Pocillopora verrucosa,12,NA,NA,Davies,9:00,5,-18.833,147.63338,OCDA_LA1S,Offshore Central GBR,Davies,Lagoon1,Shallow,,Zoe Meziere,22,1,2022,,GPS EcoRRAP sites,20,NA,,Zoe Meziere,P5240106 |P5240112,GBRMPA G21/44774.1,Riginos
Pver_OCDA_751_Pver_OCDA_751,Pver_OCDA_751,Pver_OCDA_751,751,Pocillopora verrucosa,7,NA,NA,Davies,9:00,5,-18.833,147.63338,OCDA_LA1S,Offshore Central GBR,Davies,Lagoon1,Shallow,,Zoe Meziere,22,1,2022,,GPS EcoRRAP sites,20,NA,,Zoe Meziere,P5240106 |P5240112,GBRMPA G21/44774.1,Riginos
Pver_OCDA_753_Pver_OCDA_753,Pver_OCDA_753,Pver_OCDA_753,753,Pocillopora verrucosa,24,NA,NA,Davies,9:00,5,-18.833,147.63338,OCDA_LA1S,Offshore Central GBR,Davies,Lagoon1,Shallow,,Zoe Meziere,22,1,2022,,GPS EcoRRAP sites,20,NA,,Zoe Meziere,P5240106 |P5240112,GBRMPA G21/44774.1,Riginos
Pver_OCDA_759_Pver_OCDA_759,Pver_OCDA_759,Pver_OCDA_759,759,Pocillopora verrucosa,19,NA,NA,Davies,9:00,5,-18.833,147.63338,OCDA_LA1S,Offshore Central GBR,Davies,Lagoon1,Shallow,,Zoe Meziere,22,1,2022,,GPS EcoRRAP sites,20,NA,,Zoe Meziere,P5240106 |P5240112,GBRMPA G21/44774.1,Riginos
Pver_OCDA_764_Pver_OCDA_764,Pver_OCDA_764,Pver_OCDA_764,764,Pocillopora verrucosa,17,NA,NA,Davies,14:30,5,-18.83125,147.63316,OCDA_LA2S,Offshore Central GBR,Davies,Lagoon2,Shallow,,Zoe Meziere,22,1,2022,,GPS EcoRRAP sites,20,NA,,Zoe Meziere,P5240106 |P5240112,GBRMPA G21/44774.1,Riginos
Pver_OCDA_765_Pver_OCDA_765,Pver_OCDA_765,Pver_OCDA_765,765,Pocillopora verrucosa,14,NA,NA,Davies,14:30,5,-18.83125,147.63316,OCDA_LA2S,Offshore Central GBR,Davies,Lagoon2,Shallow,,Zoe Meziere,22,1,2022,,GPS EcoRRAP sites,20,NA,,Zoe Meziere,P5240106 |P5240112,GBRMPA G21/44774.1,Riginos
Pver_OCDA_766_Pver_OCDA_766,Pver_OCDA_766,Pver_OCDA_766,766,Pocillopora verrucosa,3,NA,NA,Davies,14:30,5,-18.83125,147.63316,OCDA_LA2S,Offshore Central GBR,Davies,Lagoon2,Shallow,,Zoe Meziere,22,1,2022,,GPS EcoRRAP sites,20,NA,,Zoe Meziere,P5240106 |P5240112,GBRMPA G21/44774.1,Riginos
Pver_OCDA_767_Pver_OCDA_767,Pver_OCDA_767,Pver_OCDA_767,767,Pocillopora verrucosa,25,NA,NA,Davies,14:30,5,-18.83125,147.63316,OCDA_LA2S,Offshore Central GBR,Davies,Lagoon2,Shallow,,Zoe Meziere,22,1,2022,,GPS EcoRRAP sites,20,NA,,Zoe Meziere,P5240106 |P5240112,GBRMPA G21/44774.1,Riginos
Pver_OCDA_769_Pver_OCDA_769,Pver_OCDA_769,Pver_OCDA_769,769,Pocillopora verrucosa,18,NA,NA,Davies,14:30,5,-18.83125,147.63316,OCDA_LA2S,Offshore Central GBR,Davies,Lagoon2,Shallow,,Zoe Meziere,22,1,2022,,GPS EcoRRAP sites,20,NA,,Zoe Meziere,P5240106 |P5240112,GBRMPA G21/44774.1,Riginos
Pver_OCDA_771_Pver_OCDA_771,Pver_OCDA_771,Pver_OCDA_771,771,Pocillopora verrucosa,20,NA,NA,Davies,10:30,14,-18.82579,147.62735,OCDA_BA1D,Offshore Central GBR,Davies,Back1,Deep,,Zoe Meziere,23,1,2022,,GPS EcoRRAP sites,20,NA,,Zoe Meziere,P5240106 |P5240112,GBRMPA G21/44774.1,Riginos
Pver_OCDA_773_Pver_OCDA_773,Pver_OCDA_773,Pver_OCDA_773,773,Pocillopora verrucosa,14,NA,NA,Davies,10:30,14,-18.82579,147.62735,OCDA_BA1D,Offshore Central GBR,Davies,Back1,Deep,,Zoe Meziere,23,1,2022,,GPS EcoRRAP sites,20,NA,,Zoe Meziere,P5240106 |P5240112,GBRMPA G21/44774.1,Riginos
Pver_OCDA_774_Pver_OCDA_774,Pver_OCDA_774,Pver_OCDA_774,774,Pocillopora verrucosa,10,NA,NA,Davies,10:30,14,-18.82579,147.62735,OCDA_BA1D,Offshore Central GBR,Davies,Back1,Deep,,Zoe Meziere,23,1,2022,,GPS EcoRRAP sites,20,NA,,Zoe Meziere,P5240106 |P5240112,GBRMPA G21/44774.1,Riginos
Pver_OCDA_775_Pver_OCDA_775,Pver_OCDA_775,Pver_OCDA_775,775,Pocillopora verrucosa,6,NA,NA,Davies,10:30,14,-18.82579,147.62735,OCDA_BA1D,Offshore Central GBR,Davies,Back1,Deep,,Zoe Meziere,23,1,2022,,GPS EcoRRAP sites,20,NA,,Zoe Meziere,P5240106 |P5240112,GBRMPA G21/44774.1,Riginos
Pver_OCDA_777_Pver_OCDA_777,Pver_OCDA_777,Pver_OCDA_777,777,Pocillopora verrucosa,22,NA,NA,Davies,10:30,14,-18.82579,147.62735,OCDA_BA1D,Offshore Central GBR,Davies,Back1,Deep,,Zoe Meziere,23,1,2022,,GPS EcoRRAP sites,20,NA,,Zoe Meziere,P5240106 |P5240112,GBRMPA G21/44774.1,Riginos
Pver_OCDA_780_Pver_OCDA_780,Pver_OCDA_780,Pver_OCDA_780,780,Pocillopora verrucosa,24,NA,NA,Davies,15:00,5,-18.8259,147.62727,OCDA_BA1S,Offshore Central GBR,Davies,Back1,Shallow,,Zoe Meziere,23,1,2022,,GPS EcoRRAP sites,20,NA,,Zoe Meziere,P5240106 |P5240112,GBRMPA G21/44774.1,Riginos
Pver_OCDA_782_Pver_OCDA_782,Pver_OCDA_782,Pver_OCDA_782,782,Pocillopora verrucosa,2,NA,NA,Davies,15:00,5,-18.8259,147.62727,OCDA_BA1S,Offshore Central GBR,Davies,Back1,Shallow,,Zoe Meziere,23,1,2022,,GPS EcoRRAP sites,20,NA,,Zoe Meziere,P5240106 |P5240112,GBRMPA G21/44774.1,Riginos
Pver_OCDA_783_Pver_OCDA_783,Pver_OCDA_783,Pver_OCDA_783,783,Pocillopora verrucosa,19,NA,NA,Davies,15:00,5,-18.8259,147.62727,OCDA_BA1S,Offshore Central GBR,Davies,Back1,Shallow,,Zoe Meziere,23,1,2022,,GPS EcoRRAP sites,20,NA,,Zoe Meziere,P5240106 |P5240112,GBRMPA G21/44774.1,Riginos
Pver_OCDA_785_Pver_OCDA_785,Pver_OCDA_785,Pver_OCDA_785,785,Pocillopora verrucosa,6,NA,NA,Davies,15:00,5,-18.8259,147.62727,OCDA_BA1S,Offshore Central GBR,Davies,Back1,Shallow,,Zoe Meziere,23,1,2022,,GPS EcoRRAP sites,20,NA,,Zoe Meziere,P5240106 |P5240112,GBRMPA G21/44774.1,Riginos
Pver_OCDA_786_Pver_OCDA_786,Pver_OCDA_786,Pver_OCDA_786,786,Pocillopora verrucosa,1,NA,NA,Davies,15:00,5,-18.8259,147.62727,OCDA_BA1S,Offshore Central GBR,Davies,Back1,Shallow,,Zoe Meziere,23,1,2022,,GPS EcoRRAP sites,20,NA,,Zoe Meziere,P5240106 |P5240112,GBRMPA G21/44774.1,Riginos
Pver_OCDA_787_Pver_OCDA_787,Pver_OCDA_787,Pver_OCDA_787,787,Pocillopora verrucosa,4,NA,NA,Davies,15:00,5,-18.8259,147.62727,OCDA_BA1S,Offshore Central GBR,Davies,Back1,Shallow,,Zoe Meziere,23,1,2022,,GPS EcoRRAP sites,20,NA,,Zoe Meziere,P5240106 |P5240112,GBRMPA G21/44774.1,Riginos
Pver_OCLB_700_Pver_OCLB_700,Pver_OCLB_700,Pver_OCLB_700,700,Pocillopora verrucosa,7,NA,NA,Little Broadhurst,16:00,5,-18.9493475,147.6929265,OCLB_BA1S,Offshore Central GBR,Little Broadhurst,Back1,Shallow,,Zoe Meziere,20,1,2022,,GPS EcoRRAP sites,20,NA,,Zoe Meziere,P5240106 |P5240107,GBRMPA G21/44774.1,Riginos
Pver_OCLB_704_Pver_OCLB_704,Pver_OCLB_704,Pver_OCLB_704,704,Pocillopora verrucosa,12,NA,NA,Little Broadhurst,16:00,5,-18.9493475,147.6929265,OCLB_BA1S,Offshore Central GBR,Little Broadhurst,Back1,Shallow,,Zoe Meziere,20,1,2022,,GPS EcoRRAP sites,20,NA,,Zoe Meziere,P5240106 |P5240107,GBRMPA G21/44774.1,Riginos
Pver_OCLB_705_Pver_OCLB_705,Pver_OCLB_705,Pver_OCLB_705,705,Pocillopora verrucosa,9,NA,NA,Little Broadhurst,16:00,5,-18.9493475,147.6929265,OCLB_BA1S,Offshore Central GBR,Little Broadhurst,Back1,Shallow,,Zoe Meziere,20,1,2022,,GPS EcoRRAP sites,20,NA,,Zoe Meziere,P5240106 |P5240107,GBRMPA G21/44774.1,Riginos
Pver_OCLB_707_Pver_OCLB_707,Pver_OCLB_707,Pver_OCLB_707,707,Pocillopora verrucosa,4,NA,NA,Little Broadhurst,16:00,5,-18.9493475,147.6929265,OCLB_BA1S,Offshore Central GBR,Little Broadhurst,Back1,Shallow,,Zoe Meziere,20,1,2022,,GPS EcoRRAP sites,20,NA,,Zoe Meziere,P5240106 |P5240107,GBRMPA G21/44774.1,Riginos
Pver_OCLB_708_Pver_OCLB_708,Pver_OCLB_708,Pver_OCLB_708,708,Pocillopora verrucosa,14,NA,NA,Little Broadhurst,16:00,5,-18.9493475,147.6929265,OCLB_BA1S,Offshore Central GBR,Little Broadhurst,Back1,Shallow,,Zoe Meziere,20,1,2022,,GPS EcoRRAP sites,20,NA,ID unsure,Zoe Meziere,P5240106 |P5240107,GBRMPA G21/44774.1,Riginos
Pver_OCLB_709_Pver_OCLB_709,Pver_OCLB_709,Pver_OCLB_709,709,Pocillopora verrucosa,6,NA,NA,Little Broadhurst,16:00,5,-18.9493475,147.6929265,OCLB_BA1S,Offshore Central GBR,Little Broadhurst,Back1,Shallow,,Zoe Meziere,20,1,2022,,GPS EcoRRAP sites,20,NA,,Zoe Meziere,P5240106 |P5240107,GBRMPA G21/44774.1,Riginos
Pver_OCLB_710_Pver_OCLB_710,Pver_OCLB_710,Pver_OCLB_710,710,Pocillopora verrucosa,4,NA,NA,Little Broadhurst,10:00,5,-18.944062,147.699285,OCLB_FL1S,Offshore Central GBR,Little Broadhurst,Flank1,Shallow,,Zoe Meziere,21,1,2022,,GPS EcoRRAP sites,20,NA,,Zoe Meziere,P5240106 |P5240107,GBRMPA G21/44774.1,Riginos
Pver_OCLB_713_Pver_OCLB_713,Pver_OCLB_713,Pver_OCLB_713,713,Pocillopora verrucosa,5,NA,NA,Little Broadhurst,10:00,5,-18.944062,147.699285,OCLB_FL1S,Offshore Central GBR,Little Broadhurst,Flank1,Shallow,,Zoe Meziere,21,1,2022,,GPS EcoRRAP sites,20,NA,,Zoe Meziere,P5240106 |P5240107,GBRMPA G21/44774.1,Riginos
Pver_OCLB_715_Pver_OCLB_715,Pver_OCLB_715,Pver_OCLB_715,715,Pocillopora verrucosa,12,NA,NA,Little Broadhurst,10:00,5,-18.944062,147.699285,OCLB_FL1S,Offshore Central GBR,Little Broadhurst,Flank1,Shallow,,Zoe Meziere,21,1,2022,,GPS EcoRRAP sites,20,NA,,Zoe Meziere,P5240106 |P5240107,GBRMPA G21/44774.1,Riginos
Pver_OCLB_719_Pver_OCLB_719,Pver_OCLB_719,Pver_OCLB_719,719,Pocillopora verrucosa,7,NA,NA,Little Broadhurst,10:00,5,-18.944062,147.699285,OCLB_FL1S,Offshore Central GBR,Little Broadhurst,Flank1,Shallow,,Zoe Meziere,21,1,2022,,GPS EcoRRAP sites,20,NA,,Zoe Meziere,P5240106 |P5240107,GBRMPA G21/44774.1,Riginos
Pver_OCLB_723_Pver_OCLB_723,Pver_OCLB_723,Pver_OCLB_723,723,Pocillopora verrucosa,10,NA,NA,Little Broadhurst,10:00,5,-18.944062,147.699285,OCLB_FL1S,Offshore Central GBR,Little Broadhurst,Flank1,Shallow,,Zoe Meziere,21,1,2022,,GPS EcoRRAP sites,20,NA,,Zoe Meziere,P5240106 |P5240107,GBRMPA G21/44774.1,Riginos
Pver_OCLB_726_Pver_OCLB_726,Pver_OCLB_726,Pver_OCLB_726,726,Pocillopora verrucosa,3,NA,NA,Little Broadhurst,15:00,5,-18.949382,147.701909,OCLB_LA1S,Offshore Central GBR,Little Broadhurst,Lagoon1,Shallow,,Zoe Meziere,21,1,2022,,GPS EcoRRAP sites,20,NA,,Zoe Meziere,P5240106 |P5240107,GBRMPA G21/44774.1,Riginos
Pver_OCLB_727_R_Pver_OCLB_727_R,Pver_OCLB_727_R,Pver_OCLB_727,727,Pocillopora verrucosa,2,NA,NA,Little Broadhurst,15:00,5,-18.949382,147.701909,OCLB_LA1S,Offshore Central GBR,Little Broadhurst,Lagoon1,Shallow,,Zoe Meziere,21,1,2022,,GPS EcoRRAP sites,20,NA,,Zoe Meziere,P5240106 |P5240107,GBRMPA G21/44774.1,Riginos
Pver_OCLB_732_Pver_OCLB_732,Pver_OCLB_732,Pver_OCLB_732,732,Pocillopora verrucosa,1,NA,NA,Little Broadhurst,15:00,5,-18.949382,147.701909,OCLB_LA1S,Offshore Central GBR,Little Broadhurst,Lagoon1,Shallow,,Zoe Meziere,21,1,2022,,GPS EcoRRAP sites,20,NA,,Zoe Meziere,P5240106 |P5240107,GBRMPA G21/44774.1,Riginos
Pver_OCLB_736_Pver_OCLB_736,Pver_OCLB_736,Pver_OCLB_736,736,Pocillopora verrucosa,8,NA,NA,Little Broadhurst,17:00,5,-18.949382,147.701909,OCLB_LA1S,Offshore Central GBR,Little Broadhurst,Lagoon1,Shallow,,Zoe Meziere,21,1,2022,,GPS EcoRRAP sites,20,NA,,Zoe Meziere,P5240106 |P5240109,GBRMPA G21/44774.1,Riginos
Pver_ONLI_451_Pver_ONLI_451,Pver_ONLI_451,Pver_ONLI_451,451,Pocillopora verrucosa,6,NA,NA,Lizard,14:00,4,-14.6980975,145.445447,ONLI_FL1S,Offshore North GBR,Lizard,Flank1,Shallow,,Zoe Meziere,30,10,2021,,GPS EcoRRAP sites,20,NA,,Zoe Meziere,,GBRMPA G21/44774.1,Riginos
Pver_ONLI_452_Pver_ONLI_452,Pver_ONLI_452,Pver_ONLI_452,452,Pocillopora verrucosa,5,NA,NA,Lizard,14:00,4,-14.6980975,145.445447,ONLI_FL1S,Offshore North GBR,Lizard,Flank1,Shallow,,Zoe Meziere,30,10,2021,,GPS EcoRRAP sites,20,NA,,Zoe Meziere,,GBRMPA G21/44774.1,Riginos
Pver_ONLI_453_Pver_ONLI_453,Pver_ONLI_453,Pver_ONLI_453,453,Pocillopora verrucosa,2,NA,NA,Lizard,14:00,4,-14.6980975,145.445447,ONLI_FL1S,Offshore North GBR,Lizard,Flank1,Shallow,,Zoe Meziere,30,10,2021,,GPS EcoRRAP sites,20,NA,,Zoe Meziere,,GBRMPA G21/44774.1,Riginos
Pver_ONLI_454_Pver_ONLI_454,Pver_ONLI_454,Pver_ONLI_454,454,Pocillopora verrucosa,4,NA,NA,Lizard,14:00,4,-14.6980975,145.445447,ONLI_FL1S,Offshore North GBR,Lizard,Flank1,Shallow,,Zoe Meziere,30,10,2021,,GPS EcoRRAP sites,20,NA,,Zoe Meziere,,GBRMPA G21/44774.1,Riginos
Pver_ONLI_457_Pver_ONLI_457,Pver_ONLI_457,Pver_ONLI_457,457,Pocillopora verrucosa,10,NA,NA,Lizard,14:00,4,-14.6980975,145.445447,ONLI_FL1S,Offshore North GBR,Lizard,Flank1,Shallow,,Zoe Meziere,30,10,2021,,GPS EcoRRAP sites,20,NA,,Zoe Meziere,,GBRMPA G21/44774.1,Riginos
Pver_ONLI_469_Pver_ONLI_469,Pver_ONLI_469,Pver_ONLI_469,469,Pocillopora verrucosa,1,NA,NA,Lizard,9:30,5,-14.649439,145.492935,ONLI_FR2S,Offshore North GBR,Lizard,Front2,Shallow,,Zoe Meziere,31,10,2021,,GPS EcoRRAP sites,20,NA,,Zoe Meziere,,GBRMPA G21/44774.1,Riginos
Pver_ONLI_470_Pver_ONLI_470,Pver_ONLI_470,Pver_ONLI_470,470,Pocillopora verrucosa,5,NA,NA,Lizard,9:30,5,-14.649439,145.492935,ONLI_FR2S,Offshore North GBR,Lizard,Front2,Shallow,,Zoe Meziere,31,10,2021,,GPS EcoRRAP sites,20,NA,,Zoe Meziere,,GBRMPA G21/44774.1,Riginos
Pver_ONLI_471_Pver_ONLI_471,Pver_ONLI_471,Pver_ONLI_471,471,Pocillopora verrucosa,15,NA,NA,Lizard,9:30,5,-14.649439,145.492935,ONLI_FR2S,Offshore North GBR,Lizard,Front2,Shallow,,Zoe Meziere,31,10,2021,,GPS EcoRRAP sites,20,NA,,Zoe Meziere,,GBRMPA G21/44774.1,Riginos
Pver_ONLI_472_R_Pver_ONLI_472_R,Pver_ONLI_472_R,Pver_ONLI_472,472,Pocillopora verrucosa,4,NA,NA,Lizard,9:30,5,-14.649439,145.492935,ONLI_FR2S,Offshore North GBR,Lizard,Front2,Shallow,,Zoe Meziere,31,10,2021,,GPS EcoRRAP sites,20,NA,,Zoe Meziere,,GBRMPA G21/44774.1,Riginos
Pver_ONLI_473_Pver_ONLI_473,Pver_ONLI_473,Pver_ONLI_473,473,Pocillopora verrucosa,8,NA,NA,Lizard,9:30,5,-14.649439,145.492935,ONLI_FR2S,Offshore North GBR,Lizard,Front2,Shallow,,Zoe Meziere,31,10,2021,,GPS EcoRRAP sites,20,NA,,Zoe Meziere,,GBRMPA G21/44774.1,Riginos
Pver_ONLI_479_Pver_ONLI_479,Pver_ONLI_479,Pver_ONLI_479,479,Pocillopora verrucosa,6,NA,NA,Lizard,13:00,5,-14.667794,145.441894,ONLI_BA2S,Offshore North GBR,Lizard,Back2,Shallow,,Zoe Meziere,31,10,2021,,GPS EcoRRAP sites,20,NA,,Zoe Meziere,,GBRMPA G21/44774.1,Riginos
Pver_ONLI_480_Pver_ONLI_480,Pver_ONLI_480,Pver_ONLI_480,480,Pocillopora verrucosa,4,NA,NA,Lizard,13:00,5,-14.667794,145.441894,ONLI_BA2S,Offshore North GBR,Lizard,Back2,Shallow,,Zoe Meziere,31,10,2021,,GPS EcoRRAP sites,20,NA,,Zoe Meziere,,GBRMPA G21/44774.1,Riginos
Pver_ONLI_481_Pver_ONLI_481,Pver_ONLI_481,Pver_ONLI_481,481,Pocillopora verrucosa,3,NA,NA,Lizard,13:00,5,-14.667794,145.441894,ONLI_BA2S,Offshore North GBR,Lizard,Back2,Shallow,,Zoe Meziere,31,10,2021,,GPS EcoRRAP sites,20,NA,,Zoe Meziere,,GBRMPA G21/44774.1,Riginos
Pver_ONLI_791_Pver_ONLI_791,Pver_ONLI_791,Pver_ONLI_791,791,Pocillopora verrucosa,16,Pver24_P3,NA,Lizard,16:00,5,-15.755283,145.738859,ONLI_FR1S,Offshore North GBR,Lizard,Front1,Shallow,3,Cynthia Riginos,6,3,2022,,GPS EcoRRAP sites,1,NA,PRM,Cynthia Riginos,<renamed but would have to manually reconstruct originals>,GBRMPA G21/44774.1,Riginos
Pver_ONLI_794_Pver_ONLI_794,Pver_ONLI_794,Pver_ONLI_794,794,Pocillopora verrucosa,19,Pver33_P3,NA,Lizard,16:00,5,-15.755283,145.738859,ONLI_FR1S,Offshore North GBR,Lizard,Front1,Shallow,3,Cynthia Riginos,6,3,2022,,GPS EcoRRAP sites,1,NA,PRM,Cynthia Riginos,<renamed but would have to manually reconstruct originals>,GBRMPA G21/44774.1,Riginos
Pver_ONLI_796_Pver_ONLI_796,Pver_ONLI_796,Pver_ONLI_796,796,Pocillopora verrucosa,21,Pver_5_P1,NA,Lizard,9:00,7,-15.755283,145.738859,ONLI_FR1S,Offshore North GBR,Lizard,Front1,Shallow,1,Cynthia Riginos,7,3,2022,,GPS EcoRRAP sites,2,NA,PRM,Cynthia Riginos,P3070001 | P3070002 | P3070003,GBRMPA G21/44774.1,Riginos
Pver_ONLI_799_Pver_ONLI_799,Pver_ONLI_799,Pver_ONLI_799,799,Pocillopora verrucosa,6,Pver_18_P2,NA,Lizard,9:00,7,-15.755283,145.738859,ONLI_FR1S,Offshore North GBR,Lizard,Front1,Shallow,2,Cynthia Riginos,7,3,2022,,GPS EcoRRAP sites,2,NA,PRM thinks this could be meandrina,Cynthia Riginos,P3070011 | P3070012,GBRMPA G21/44774.1,Riginos
Pver_ONLI_806_Pver_ONLI_806,Pver_ONLI_806,Pver_ONLI_806,806,Pocillopora verrucosa,2,Pver_20_P2,NA,Lizard,15:00,4,-14.667794,145.441894,ONLI_BA2S,Offshore North GBR,Lizard,Back2,Shallow,2,Cynthia Riginos,7,3,2022,,GPS EcoRRAP sites,2,NA,PRM,Cynthia Riginos,P3070015 | P3070016,GBRMPA G21/44774.1,Riginos
Pver_ONLI_808_Pver_ONLI_808,Pver_ONLI_808,Pver_ONLI_808,808,Pocillopora verrucosa,13,NA,NA,Lizard,15:00,4,-14.667794,145.441894,ONLI_BA2S,Offshore North GBR,Lizard,Back2,Shallow,3,Cynthia Riginos,7,3,2022,,GPS EcoRRAP sites,2,NA,Paul Muir thinks this is PV,Cynthia Riginos,P3070024 | P3070025 | P3070026,GBRMPA G21/44774.1,Riginos
Pver_ONLI_809_Pver_ONLI_809,Pver_ONLI_809,Pver_ONLI_809,809,Pocillopora verrucosa,25,Pver_24_P1,NA,Lizard,9:00,7,-14.650714,145.450096,ONLI_BA1S,Offshore North GBR,Lizard,Back1,Shallow,1,Cynthia Riginos,8,3,2022,,GPS EcoRRAP sites,2,NA,PRM,Cynthia Riginos,P3080001 | P3080002,GBRMPA G21/44774.1,Riginos
Pver_ONLI_811_Pver_ONLI_811,Pver_ONLI_811,Pver_ONLI_811,811,Pocillopora verrucosa,14,Pver_4_P1,NA,Lizard,9:00,7,-14.650714,145.450096,ONLI_BA1S,Offshore North GBR,Lizard,Back1,Shallow,1,Cynthia Riginos,8,3,2022,,GPS EcoRRAP sites,2,NA,PRM,Cynthia Riginos,P3080006 | P3080007,GBRMPA G21/44774.1,Riginos
Pver_ONLI_813_Pver_ONLI_813,Pver_ONLI_813,Pver_ONLI_813,813,Pocillopora verrucosa,22,Pver_7_P2,NA,Lizard,9:00,7,-14.650714,145.450096,ONLI_BA1S,Offshore North GBR,Lizard,Back1,Shallow,2,Cynthia Riginos,8,3,2022,,GPS EcoRRAP sites,2,NA,PRM,Cynthia Riginos,P3080019 | P3080020,GBRMPA G21/44774.1,Riginos
Pver_ONLI_818_Pver_ONLI_818,Pver_ONLI_818,Pver_ONLI_818,818,Pocillopora verrucosa,6,Pver_66_P1,NA,Lizard,15:00,7,-14.649439,145.492935,ONLI_FR2S,Offshore North GBR,Lizard,Front2,Shallow,1,Cynthia Riginos,8,3,2022,,GPS EcoRRAP sites,2,NA,PRM,Cynthia Riginos,P3080005 | P3080010 | P3080011,GBRMPA G21/44774.1,Riginos
Pver_ONLI_821_Pver_ONLI_821,Pver_ONLI_821,Pver_ONLI_821,821,Pocillopora verrucosa,10,Pver_2_P4,NA,Lizard,15:00,7,-14.649439,145.492935,ONLI_FR2S,Offshore North GBR,Lizard,Front2,Shallow,Pver/Pmea intermidiate,Cynthia Riginos,8,3,2022,,GPS EcoRRAP sites,2,NA,PRM,Cynthia Riginos,P3080030 | P3080031,GBRMPA G21/44774.1,Riginos
Pver_ONLI_824_Pver_ONLI_824,Pver_ONLI_824,Pver_ONLI_824,824,Pocillopora verrucosa,13,Pver_55_P3,NA,Lizard,15:00,7,-14.649439,145.492935,ONLI_FR2S,Offshore North GBR,Lizard,Front2,Shallow,3,Cynthia Riginos,8,3,2022,,GPS EcoRRAP sites,2,NA,PRM,Cynthia Riginos,P3080043 | P3080044,GBRMPA G21/44774.1,Riginos
Pver_ONMO_303_Pver_ONMO_303,Pver_ONMO_303,Pver_ONMO_303,303,Pocillopora verrucosa,1,NA,NA,Moore,9:00,5,-16.8472105,146.217424,ONMO_BA1S,Offshore North GBR,Moore,Back1,Shallow,,Zoe Meziere,24,10,2021,,GPS EcoRRAP sites,20,NA,,Zoe Meziere,,GBRMPA G21/44774.1,Riginos
Pver_ONMO_308_Pver_ONMO_308,Pver_ONMO_308,Pver_ONMO_308,308,Pocillopora verrucosa,2,NA,NA,Moore,9:00,5,-16.8472105,146.217424,ONMO_BA1S,Offshore North GBR,Moore,Back1,Shallow,,Zoe Meziere,24,10,2021,,GPS EcoRRAP sites,20,NA,,Zoe Meziere,,GBRMPA G21/44774.1,Riginos
Pver_ONMO_326_Pver_ONMO_326,Pver_ONMO_326,Pver_ONMO_326,326,Pocillopora verrucosa,14,NA,NA,Moore,14:30,5,-16.8485425,146.237223,ONMO_FL1S,Offshore North GBR,Moore,Flank1,Shallow,,Zoe Meziere,24,10,2021,,GPS EcoRRAP sites,20,NA,,Zoe Meziere,,GBRMPA G21/44774.1,Riginos
Pver_ONMO_331_Pver_ONMO_331,Pver_ONMO_331,Pver_ONMO_331,331,Pocillopora verrucosa,10,NA,NA,Moore,9:00,12,-16.872083,146.2536695,ONMO_FR1D,Offshore North GBR,Moore,Front1,Deep,,Zoe Meziere,25,10,2021,,GPS EcoRRAP sites,20,NA,,Zoe Meziere,,GBRMPA G21/44774.1,Riginos
Pver_ONMO_335_Pver_ONMO_335,Pver_ONMO_335,Pver_ONMO_335,335,Pocillopora verrucosa,2,NA,NA,Moore,9:00,12,-16.872083,146.2536695,ONMO_FR1D,Offshore North GBR,Moore,Front1,Deep,,Zoe Meziere,25,10,2021,,GPS EcoRRAP sites,20,NA,,Zoe Meziere,,GBRMPA G21/44774.1,Riginos
Pver_ONMO_352_Pver_ONMO_352,Pver_ONMO_352,Pver_ONMO_352,352,Pocillopora verrucosa,8,NA,NA,Moore,9:00,13,-16.8830355,146.244797,ONMO_FR2D,Offshore North GBR,Moore,Front2,Deep,,Zoe Meziere,26,10,2021,No pictures,GPS EcoRRAP sites,20,NA,,Zoe Meziere,,GBRMPA G21/44774.1,Riginos
Pver_ONMO_353_Pver_ONMO_353,Pver_ONMO_353,Pver_ONMO_353,353,Pocillopora verrucosa,12,NA,NA,Moore,9:00,13,-16.8830355,146.244797,ONMO_FR2D,Offshore North GBR,Moore,Front2,Deep,,Zoe Meziere,26,10,2021,No pictures,GPS EcoRRAP sites,20,NA,,Zoe Meziere,,GBRMPA G21/44774.1,Riginos
Pver_ONMO_355_Pver_ONMO_355,Pver_ONMO_355,Pver_ONMO_355,355,Pocillopora verrucosa,10,NA,NA,Moore,9:00,13,-16.8830355,146.244797,ONMO_FR2D,Offshore North GBR,Moore,Front2,Deep,,Zoe Meziere,26,10,2021,,GPS EcoRRAP sites,20,NA,,Zoe Meziere,,GBRMPA G21/44774.1,Riginos
Pver_ONMO_359_Pver_ONMO_359,Pver_ONMO_359,Pver_ONMO_359,359,Pocillopora verrucosa,7,NA,NA,Moore,14:30,5,-16.882674,146.244602,ONMO_FR2S,Offshore North GBR,Moore,Front2,Shallow,,Zoe Meziere,26,10,2021,,GPS EcoRRAP sites,20,NA,,Zoe Meziere,,GBRMPA G21/44774.1,Riginos
Pver_ONMO_371_Pver_ONMO_371,Pver_ONMO_371,Pver_ONMO_371,371,Pocillopora verrucosa,15,NA,NA,Moore,10:00,12,-16.8484505,146.2372885,ONMO_FL1D,Offshore North GBR,Moore,Flank1,Deep,,Zoe Meziere,27,10,2021,,GPS EcoRRAP sites,20,NA,,Zoe Meziere,,GBRMPA G21/44774.1,Riginos
Pver_ONMO_372_Pver_ONMO_372,Pver_ONMO_372,Pver_ONMO_372,372,Pocillopora verrucosa,7,NA,NA,Moore,10:00,12,-16.8484505,146.2372885,ONMO_FL1D,Offshore North GBR,Moore,Flank1,Deep,,Zoe Meziere,27,10,2021,,GPS EcoRRAP sites,20,NA,,Zoe Meziere,,GBRMPA G21/44774.1,Riginos
Pver_ONMO_375_Pver_ONMO_375,Pver_ONMO_375,Pver_ONMO_375,375,Pocillopora verrucosa,11,NA,NA,Moore,10:00,12,-16.8484505,146.2372885,ONMO_FL1D,Offshore North GBR,Moore,Flank1,Deep,,Zoe Meziere,27,10,2021,,GPS EcoRRAP sites,20,NA,,Zoe Meziere,,GBRMPA G21/44774.1,Riginos
Pver_ONMO_377_Pver_ONMO_377,Pver_ONMO_377,Pver_ONMO_377,377,Pocillopora verrucosa,10,NA,NA,Moore,10:00,12,-16.8484505,146.2372885,ONMO_FL1D,Offshore North GBR,Moore,Flank1,Deep,,Zoe Meziere,27,10,2021,,GPS EcoRRAP sites,20,NA,,Zoe Meziere,,GBRMPA G21/44774.1,Riginos
Pver_ONMO_384_Pver_ONMO_384,Pver_ONMO_384,Pver_ONMO_384,384,Pocillopora verrucosa,1,NA,NA,Moore,14:00,5,-16.859841,146.2256785,ONMO_LA1S,Offshore North GBR,Moore,Lagoon1,Shallow,,Zoe Meziere,27,10,2021,,GPS EcoRRAP sites,20,NA,,Zoe Meziere,,GBRMPA G21/44774.1,Riginos
Pver_ONMO_387_Pver_ONMO_387,Pver_ONMO_387,Pver_ONMO_387,387,Pocillopora verrucosa,14,NA,NA,Moore,14:00,5,-16.859841,146.2256785,ONMO_LA1S,Offshore North GBR,Moore,Lagoon1,Shallow,,Zoe Meziere,27,10,2021,,GPS EcoRRAP sites,20,NA,,Zoe Meziere,,GBRMPA G21/44774.1,Riginos
Pver_ONMO_388_Pver_ONMO_388,Pver_ONMO_388,Pver_ONMO_388,388,Pocillopora verrucosa,9,NA,NA,Moore,14:00,5,-16.859841,146.2256785,ONMO_LA1S,Offshore North GBR,Moore,Lagoon1,Shallow,,Zoe Meziere,27,10,2021,,GPS EcoRRAP sites,20,NA,,Zoe Meziere,,GBRMPA G21/44774.1,Riginos
Pver_ONMO_389_Pver_ONMO_389,Pver_ONMO_389,Pver_ONMO_389,389,Pocillopora verrucosa,12,NA,NA,Moore,14:00,5,-16.859841,146.2256785,ONMO_LA1S,Offshore North GBR,Moore,Lagoon1,Shallow,,Zoe Meziere,27,10,2021,,GPS EcoRRAP sites,20,NA,,Zoe Meziere,,GBRMPA G21/44774.1,Riginos
Pver_ONMO_398_Pver_ONMO_398,Pver_ONMO_398,Pver_ONMO_398,398,Pocillopora verrucosa,4,NA,NA,Moore,9:30,10,-16.8599245,146.2257455,ONMO_LA1D,Offshore North GBR,Moore,Lagoon1,Deep,,Zoe Meziere,28,10,2021,,GPS EcoRRAP sites,20,NA,,Zoe Meziere,,GBRMPA G21/44774.1,Riginos
Pver_ONMO_399_Pver_ONMO_399,Pver_ONMO_399,Pver_ONMO_399,399,Pocillopora verrucosa,1,NA,NA,Moore,9:30,10,-16.8599245,146.2257455,ONMO_LA1D,Offshore North GBR,Moore,Lagoon1,Deep,,Zoe Meziere,28,10,2021,,GPS EcoRRAP sites,20,NA,,Zoe Meziere,,GBRMPA G21/44774.1,Riginos
Pver_ONMO_400_Pver_ONMO_400,Pver_ONMO_400,Pver_ONMO_400,400,Pocillopora verrucosa,11,NA,NA,Moore,9:30,10,-16.8599245,146.2257455,ONMO_LA1D,Offshore North GBR,Moore,Lagoon1,Deep,,Zoe Meziere,28,10,2021,,GPS EcoRRAP sites,20,NA,,Zoe Meziere,,GBRMPA G21/44774.1,Riginos
Pver_ONMO_401_Pver_ONMO_401,Pver_ONMO_401,Pver_ONMO_401,401,Pocillopora verrucosa,3,NA,NA,Moore,9:30,10,-16.8599245,146.2257455,ONMO_LA1D,Offshore North GBR,Moore,Lagoon1,Deep,,Zoe Meziere,28,10,2021,,GPS EcoRRAP sites,20,NA,,Zoe Meziere,,GBRMPA G21/44774.1,Riginos
Pver_ONMO_402_Pver_ONMO_402,Pver_ONMO_402,Pver_ONMO_402,402,Pocillopora verrucosa,12,NA,NA,Moore,9:30,10,-16.8599245,146.2257455,ONMO_LA1D,Offshore North GBR,Moore,Lagoon1,Deep,,Zoe Meziere,28,10,2021,,GPS EcoRRAP sites,20,NA,,Zoe Meziere,,GBRMPA G21/44774.1,Riginos
Pver_ONMO_405_Pver_ONMO_405,Pver_ONMO_405,Pver_ONMO_405,405,Pocillopora verrucosa,4,NA,NA,Moore,14:00,12,-16.8471725,146.2174315,ONMO_BA1D,Offshore North GBR,Moore,Back1,Deep,,Zoe Meziere,28,10,2021,,GPS EcoRRAP sites,20,NA,,Zoe Meziere,,GBRMPA G21/44774.1,Riginos
Pver_ONMO_406_Pver_ONMO_406,Pver_ONMO_406,Pver_ONMO_406,406,Pocillopora verrucosa,6,NA,NA,Moore,14:00,12,-16.8471725,146.2174315,ONMO_BA1D,Offshore North GBR,Moore,Back1,Deep,,Zoe Meziere,28,10,2021,,GPS EcoRRAP sites,20,NA,,Zoe Meziere,,GBRMPA G21/44774.1,Riginos
Pver_ONMO_407_Pver_ONMO_407,Pver_ONMO_407,Pver_ONMO_407,407,Pocillopora verrucosa,15,NA,NA,Moore,14:00,12,-16.8471725,146.2174315,ONMO_BA1D,Offshore North GBR,Moore,Back1,Deep,,Zoe Meziere,28,10,2021,,GPS EcoRRAP sites,20,NA,,Zoe Meziere,,GBRMPA G21/44774.1,Riginos
Pver_ONMO_409_Pver_ONMO_409,Pver_ONMO_409,Pver_ONMO_409,409,Pocillopora verrucosa,11,NA,NA,Moore,14:00,12,-16.8471725,146.2174315,ONMO_BA1D,Offshore North GBR,Moore,Back1,Deep,,Zoe Meziere,28,10,2021,,GPS EcoRRAP sites,20,NA,,Zoe Meziere,,GBRMPA G21/44774.1,Riginos
Pver_ONMO_411_Pver_ONMO_411,Pver_ONMO_411,Pver_ONMO_411,411,Pocillopora verrucosa,7,NA,NA,Moore,14:00,12,-16.8471725,146.2174315,ONMO_BA1D,Offshore North GBR,Moore,Back1,Deep,,Zoe Meziere,28,10,2021,,GPS EcoRRAP sites,20,NA,,Zoe Meziere,,GBRMPA G21/44774.1,Riginos
Pver_ONMO_413_Pver_ONMO_413,Pver_ONMO_413,Pver_ONMO_413,413,Pocillopora verrucosa,1,NA,NA,Moore,10:00,10,-16.881947,146.1837795,ONMO_BA2D,Offshore North GBR,Moore,Back2,Deep,,Zoe Meziere,29,10,2021,,GPS EcoRRAP sites,20,NA,,Zoe Meziere,,GBRMPA G21/44774.1,Riginos
Pver_ONMO_417_Pver_ONMO_417,Pver_ONMO_417,Pver_ONMO_417,417,Pocillopora verrucosa,9,NA,NA,Moore,10:00,10,-16.881947,146.1837795,ONMO_BA2D,Offshore North GBR,Moore,Back2,Deep,,Zoe Meziere,29,10,2021,,GPS EcoRRAP sites,20,NA,,Zoe Meziere,,GBRMPA G21/44774.1,Riginos
Pver_ONMO_422_Pver_ONMO_422,Pver_ONMO_422,Pver_ONMO_422,422,Pocillopora verrucosa,4,NA,NA,Moore,10:00,10,-16.881947,146.1837795,ONMO_BA2D,Offshore North GBR,Moore,Back2,Deep,,Zoe Meziere,29,10,2021,,GPS EcoRRAP sites,20,NA,,Zoe Meziere,,GBRMPA G21/44774.1,Riginos
Pver_ONMO_424_Pver_ONMO_424,Pver_ONMO_424,Pver_ONMO_424,424,Pocillopora verrucosa,1,NA,NA,Moore,14:30,5,-16.8820015,146.183993,ONMO_BA2S,Offshore North GBR,Moore,Back2,Shallow,,Zoe Meziere,29,10,2021,,GPS EcoRRAP sites,20,NA,,Zoe Meziere,,GBRMPA G21/44774.1,Riginos
Pver_ONMO_426_Pver_ONMO_426,Pver_ONMO_426,Pver_ONMO_426,426,Pocillopora verrucosa,4,NA,NA,Moore,14:30,5,-16.8820015,146.183993,ONMO_BA2S,Offshore North GBR,Moore,Back2,Shallow,,Zoe Meziere,29,10,2021,,GPS EcoRRAP sites,20,NA,,Zoe Meziere,,GBRMPA G21/44774.1,Riginos
Pver_ONMO_430_Pver_ONMO_430,Pver_ONMO_430,Pver_ONMO_430,430,Pocillopora verrucosa,12,NA,NA,Moore,14:30,5,-16.8820015,146.183993,ONMO_BA2S,Offshore North GBR,Moore,Back2,Shallow,,Zoe Meziere,29,10,2021,,GPS EcoRRAP sites,20,NA,,Zoe Meziere,,GBRMPA G21/44774.1,Riginos
Pver_ONMO_431_Pver_ONMO_431,Pver_ONMO_431,Pver_ONMO_431,431,Pocillopora verrucosa,6,NA,NA,Moore,14:30,5,-16.8820015,146.183993,ONMO_BA2S,Offshore North GBR,Moore,Back2,Shallow,,Zoe Meziere,29,10,2021,,GPS EcoRRAP sites,20,NA,,Zoe Meziere,,GBRMPA G21/44774.1,Riginos
Pver_PAOR_521_Pver_PAOR_521,Pver_PAOR_521,Pver_PAOR_521,521,Pocillopora verrucosa,6,NA,NA,Pelorus,14:00,5,-18.57226,146.49542,PAOR_FL1S,Inshore Central GBR,Pelorus,Flank1,Shallow,,Zoe Meziere,10,1,2022,,GPS EcoRRAP sites,20,NA,,Zoe Meziere,P5240106 |P5240107,GBRMPA G21/44774.1,Riginos
Pver_PAOR_544_Pver_PAOR_544,Pver_PAOR_544,Pver_PAOR_544,544,Pocillopora verrucosa,12,NA,NA,Pelorus,10:30,12,-18.57151,146.49538,PAOR_FL1D,Inshore Central GBR,Pelorus,Flank1,Deep,,Zoe Meziere,13,1,2022,,GPS EcoRRAP sites,20,NA,,Zoe Meziere,P5240106 |P5240107,GBRMPA G21/44774.1,Riginos
Pver_PAOR_552_Pver_PAOR_552,Pver_PAOR_552,Pver_PAOR_552,552,Pocillopora verrucosa,9,NA,NA,Pelorus,10:30,8,-18.57151,146.49538,PAOR_FL1D,Inshore Central GBR,Pelorus,Flank1,Deep,,Zoe Meziere,13,1,2022,,GPS EcoRRAP sites,20,NA,,Zoe Meziere,P5240106 |P5240107,GBRMPA G21/44774.1,Riginos
Pver_PAPE_512_Pver_PAPE_512,Pver_PAPE_512,Pver_PAPE_512,512,Pocillopora verrucosa,15,NA,NA,Pelorus,9:30,5,-18.53952,146.49918,PAPE_FR1S,Inshore Central GBR,Pelorus,Front1,Shallow,,Zoe Meziere,10,1,2022,,GPS EcoRRAP sites,20,NA,,Zoe Meziere,P5240106 |P5240107,GBRMPA G21/44774.1,Riginos
Pver_PAPE_513_Pver_PAPE_513,Pver_PAPE_513,Pver_PAPE_513,513,Pocillopora verrucosa,8,NA,NA,Pelorus,9:30,5,-18.53952,146.49918,PAPE_FR1S,Inshore Central GBR,Pelorus,Front1,Shallow,,Zoe Meziere,10,1,2022,,GPS EcoRRAP sites,20,NA,,Zoe Meziere,P5240106 |P5240107,GBRMPA G21/44774.1,Riginos
Pver_PAPE_514_Pver_PAPE_514,Pver_PAPE_514,Pver_PAPE_514,514,Pocillopora verrucosa,4,NA,NA,Pelorus,9:30,5,-18.53952,146.49918,PAPE_FR1S,Inshore Central GBR,Pelorus,Front1,Shallow,,Zoe Meziere,10,1,2022,,GPS EcoRRAP sites,20,NA,,Zoe Meziere,P5240106 |P5240107,GBRMPA G21/44774.1,Riginos
Pver_PAPE_515_Pver_PAPE_515,Pver_PAPE_515,Pver_PAPE_515,515,Pocillopora verrucosa,3,NA,NA,Pelorus,9:30,5,-18.53952,146.49918,PAPE_FR1S,Inshore Central GBR,Pelorus,Front1,Shallow,,Zoe Meziere,10,1,2022,,GPS EcoRRAP sites,20,NA,,Zoe Meziere,P5240106 |P5240107,GBRMPA G21/44774.1,Riginos
Pver_PAPE_516_Pver_PAPE_516,Pver_PAPE_516,Pver_PAPE_516,516,Pocillopora verrucosa,10,NA,NA,Pelorus,9:30,5,-18.53952,146.49918,PAPE_FR1S,Inshore Central GBR,Pelorus,Front1,Shallow,,Zoe Meziere,10,1,2022,,GPS EcoRRAP sites,20,NA,,Zoe Meziere,P5240106 |P5240107,GBRMPA G21/44774.1,Riginos
Pver_PAPE_520_Pver_PAPE_520,Pver_PAPE_520,Pver_PAPE_520,520,Pocillopora verrucosa,13,NA,NA,Pelorus,9:30,5,-18.53952,146.49918,PAPE_FR1S,Inshore Central GBR,Pelorus,Front1,Shallow,,Zoe Meziere,10,1,2022,,GPS EcoRRAP sites,20,NA,,Zoe Meziere,P5240106 |P5240107,GBRMPA G21/44774.1,Riginos
Pver_PAPE_526_Pver_PAPE_526,Pver_PAPE_526,Pver_PAPE_526,526,Pocillopora verrucosa,6,NA,NA,Pelorus,10:00,13,-18.53935,146.4995,PAPE_FR1D,Inshore Central GBR,Pelorus,Front1,Deep,,Zoe Meziere,11,1,2022,,GPS EcoRRAP sites,20,NA,,Zoe Meziere,P5240106 |P5240107,GBRMPA G21/44774.1,Riginos
Pver_PAPE_534_Pver_PAPE_534,Pver_PAPE_534,Pver_PAPE_534,534,Pocillopora verrucosa,2,NA,NA,Pelorus,10:00,13,-18.53935,146.4995,PAPE_FR1D,Inshore Central GBR,Pelorus,Front1,Deep,,Zoe Meziere,11,1,2022,,GPS EcoRRAP sites,20,NA,,Zoe Meziere,P5240106 |P5240107,GBRMPA G21/44774.1,Riginos
Pver_PAPE_536_Pver_PAPE_536,Pver_PAPE_536,Pver_PAPE_536,536,Pocillopora verrucosa,12,NA,NA,Pelorus,10:00,13,-18.53935,146.4995,PAPE_FR1D,Inshore Central GBR,Pelorus,Front1,Deep,,Zoe Meziere,11,1,2022,,GPS EcoRRAP sites,20,NA,,Zoe Meziere,P5240106 |P5240107,GBRMPA G21/44774.1,Riginos
Pver_PAPE_537_Pver_PAPE_537,Pver_PAPE_537,Pver_PAPE_537,537,Pocillopora verrucosa,7,NA,NA,Pelorus,10:00,13,-18.53935,146.4995,PAPE_FR1D,Inshore Central GBR,Pelorus,Front1,Deep,,Zoe Meziere,11,1,2022,,GPS EcoRRAP sites,20,NA,,Zoe Meziere,P5240106 |P5240107,GBRMPA G21/44774.1,Riginos
Pver_PAPE_553_Pver_PAPE_553,Pver_PAPE_553,Pver_PAPE_553,553,Pocillopora verrucosa,12,NA,NA,Pelorus,14:00,3,-18.54103,146.48862,PAPE_BA2S,Inshore Central GBR,Pelorus,Back2,Shallow,,Zoe Meziere,13,1,2022,,GPS EcoRRAP sites,20,NA,,Zoe Meziere,P5240106 |P5240107,GBRMPA G21/44774.1,Riginos
Pver_PAPE_554_Pver_PAPE_554,Pver_PAPE_554,Pver_PAPE_554,554,Pocillopora verrucosa,5,NA,NA,Pelorus,14:00,3,-18.54103,146.48862,PAPE_BA2S,Inshore Central GBR,Pelorus,Back2,Shallow,,Zoe Meziere,13,1,2022,,GPS EcoRRAP sites,20,NA,,Zoe Meziere,P5240106 |P5240107,GBRMPA G21/44774.1,Riginos
Pver_PAPE_555_Pver_PAPE_555,Pver_PAPE_555,Pver_PAPE_555,555,Pocillopora verrucosa,15,NA,NA,Pelorus,14:00,3,-18.54103,146.48862,PAPE_BA2S,Inshore Central GBR,Pelorus,Back2,Shallow,,Zoe Meziere,13,1,2022,,GPS EcoRRAP sites,20,NA,,Zoe Meziere,P5240106 |P5240107,GBRMPA G21/44774.1,Riginos
Pver_PAPE_556_Pver_PAPE_556,Pver_PAPE_556,Pver_PAPE_556,556,Pocillopora verrucosa,2,NA,NA,Pelorus,14:00,3,-18.54103,146.48862,PAPE_BA2S,Inshore Central GBR,Pelorus,Back2,Shallow,,Zoe Meziere,13,1,2022,,GPS EcoRRAP sites,20,NA,,Zoe Meziere,P5240106 |P5240107,GBRMPA G21/44774.1,Riginos
Pver_PAPE_557_Pver_PAPE_557,Pver_PAPE_557,Pver_PAPE_557,557,Pocillopora verrucosa,14,NA,NA,Pelorus,14:00,3,-18.54103,146.48862,PAPE_BA2S,Inshore Central GBR,Pelorus,Back2,Shallow,,Zoe Meziere,13,1,2022,,GPS EcoRRAP sites,20,NA,,Zoe Meziere,P5240106 |P5240107,GBRMPA G21/44774.1,Riginos
Pver_PAPE_559_Pver_PAPE_559,Pver_PAPE_559,Pver_PAPE_559,559,Pocillopora verrucosa,10,NA,NA,Pelorus,14:00,3,-18.54103,146.48862,PAPE_BA2S,Inshore Central GBR,Pelorus,Back2,Shallow,,Zoe Meziere,13,1,2022,,GPS EcoRRAP sites,20,NA,,Zoe Meziere,P5240106 |P5240107,GBRMPA G21/44774.1,Riginos
Pver_PAPE_560_Pver_PAPE_560,Pver_PAPE_560,Pver_PAPE_560,560,Pocillopora verrucosa,4,NA,NA,Pelorus,14:00,3,-18.54103,146.48862,PAPE_BA2S,Inshore Central GBR,Pelorus,Back2,Shallow,,Zoe Meziere,13,1,2022,,GPS EcoRRAP sites,20,NA,,Zoe Meziere,P5240106 |P5240107,GBRMPA G21/44774.1,Riginos
Pver_PAPE_561_Pver_PAPE_561,Pver_PAPE_561,Pver_PAPE_561,561,Pocillopora verrucosa,13,NA,NA,Pelorus,14:00,3,-18.54103,146.48862,PAPE_BA2S,Inshore Central GBR,Pelorus,Back2,Shallow,,Zoe Meziere,13,1,2022,,GPS EcoRRAP sites,20,NA,,Zoe Meziere,P5240106 |P5240107,GBRMPA G21/44774.1,Riginos
Pver_PAPE_563_Pver_PAPE_563,Pver_PAPE_563,Pver_PAPE_563,563,Pocillopora verrucosa,8,NA,NA,Pelorus,14:00,3,-18.54103,146.48862,PAPE_BA2S,Inshore Central GBR,Pelorus,Back2,Shallow,,Zoe Meziere,13,1,2022,,GPS EcoRRAP sites,20,NA,,Zoe Meziere,P5240106 |P5240107,GBRMPA G21/44774.1,Riginos
Pver_PAPE_565_Pver_PAPE_565,Pver_PAPE_565,Pver_PAPE_565,565,Pocillopora verrucosa,8,NA,NA,Pelorus,15:00,12,-18.54083,146.48846,PAPE_BA2D,Inshore Central GBR,Pelorus,Back2,Deep,,Zoe Meziere,14,1,2022,,GPS EcoRRAP sites,20,NA,,Zoe Meziere,P5240106 |P5240107,GBRMPA G21/44774.1,Riginos
Pver_PAPE_567_Pver_PAPE_567,Pver_PAPE_567,Pver_PAPE_567,567,Pocillopora verrucosa,7,NA,NA,Pelorus,15:00,12,-18.54083,146.48846,PAPE_BA2D,Inshore Central GBR,Pelorus,Back2,Deep,,Zoe Meziere,14,1,2022,,GPS EcoRRAP sites,20,NA,,Zoe Meziere,P5240106 |P5240107,GBRMPA G21/44774.1,Riginos
Pver_PAPE_568_Pver_PAPE_568,Pver_PAPE_568,Pver_PAPE_568,568,Pocillopora verrucosa,4,NA,NA,Pelorus,15:00,12,-18.54083,146.48846,PAPE_BA2D,Inshore Central GBR,Pelorus,Back2,Deep,,Zoe Meziere,14,1,2022,,GPS EcoRRAP sites,20,NA,,Zoe Meziere,P5240106 |P5240107,GBRMPA G21/44774.1,Riginos
Pver_TSAU_826_Pver_TSAU_826,Pver_TSAU_826,Pver_TSAU_826,826,Pocillopora verrucosa,23,Pver1_P4,NA,Aukane,10:00,14,-9.88359,143.4072,TSAU_FR2D,Torres Strait,Aukane,Front2,Deep,4,Cynthia Riginos,10,3,2022,took big fragment for morphlogy,GPS EcoRRAP sites,2,NA,PRM; large skeletal piece preserved,Cynthia Riginos,P3100006 | P3100007,GBRMPA G21/44774.1,Riginos
Pver_TSMA_1002_Pver_TSMA_1002,Pver_TSMA_1002,Pver_TSMA_1002,1002,Pocillopora verrucosa,NA,Pver_5_P4,NA,Masig,14:00,5,-9.73404,143.4352,TSMA_LA1S,Torres Strait,Masig,Lagoon1,Shallow,4,Cynthia Riginos,16,3,2022,took big fragment for morphlogy,GPS EcoRRAP sites,2,NA,CR,Cynthia Riginos,P3160046 | P3160047,GBRMPA G21/44774.1,Riginos
Pver_TSMA_1054_Pver_TSMA_1054,Pver_TSMA_1054,Pver_TSMA_1054,1054,Pocillopora verrucosa,NA,NA,NA,Masig,15:00,3,-9.76224,143.4214,TSMA_FR1S,Torres Strait,Masig,Front1,Shallow,NA,Cynthia Riginos,18,3,2022,,GPS EcoRRAP sites,20,NA,PRM,Cynthia Riginos,P3180154 | P3180155 | P3180156,GBRMPA G21/44774.1,Riginos
Pver_TSMA_947_R_Pver_TSMA_947_R,Pver_TSMA_947_R,Pver_TSMA_947,947,Pocillopora verrucosa,,Pver_5_P1,NA,Masig,13:30,4,-9.74838,143.4585,TSMA_FR2S,Torres Strait,Masig,Front2,Shallow,1,Cynthia Riginos,14,3,2022,,GPS EcoRRAP sites,2,NA,PRM,Cynthia Riginos,P3140035 | P3140036,GBRMPA G21/44774.1,Riginos
