vcf_name,Sample_name,EcoClusterID,fieldID,tagID,healthChart,locality,timeOfDay,depthOfBottominMeters,decimalLatitude,decimalLongitude,EcoLocationID_short,EcoClusterID.1,EcoReefID,EcoSiteID,EcoZoneID,EcoPlotID,eventEnteredBy,dayCollected,monthCollected,yearCollected,Cluster,Date,Comment,SW500,SW1000,SW5000,SW10000
BLCH145A_BLCH145A,BLCH145A,Offshore Central GBR,1,Spis_9,C2,Chicken,10:30,5,-18.6532055,147.708533,OCCH_BA1S,Offshore Central GBR,Chicken,Back 1,Shallow,1,Zoe Meziere,1,4,2022,Taxon1,1/4/22,,pop19,,,
BLCH148A_BLCH148A,BLCH148A,Offshore Central GBR,16,Spis_3,C2,Chicken,10:30,5,-18.6532055,147.708533,OCCH_BA1S,Offshore Central GBR,Chicken,Back 1,Shallow,2,Zoe Meziere,1,4,2022,Taxon1,1/4/22,,pop19,,,
BLCH151A_BLCH151A,BLCH151A,Offshore Central GBR,17,Spis_8,C2,Chicken,10:30,5,-18.6532055,147.708533,OCCH_BA1S,Offshore Central GBR,Chicken,Back 1,Shallow,3,Zoe Meziere,1,4,2022,Taxon1,1/4/22,,pop19,,,
BLCH152A_BLCH152A,BLCH152A,Offshore Central GBR,3,Spis_13,C2,Chicken,10:30,5,-18.6532055,147.708533,OCCH_BA1S,Offshore Central GBR,Chicken,Back 1,Shallow,3,Zoe Meziere,1,4,2022,Taxon1,1/4/22,,pop19,,,
BLCH154A_BLCH154A,BLCH154A,Offshore Central GBR,33,Spis_11,C3,Chicken,10:30,5,-18.6532055,147.708533,OCCH_BA1S,Offshore Central GBR,Chicken,Back 1,Shallow,3,Zoe Meziere,1,4,2022,Taxon1,1/4/22,,pop19,,,
BLCH157A_BLCH157A,BLCH157A,Offshore Central GBR,34,Spis_34,C2,Chicken,10:30,5,-18.6532055,147.708533,OCCH_BA1S,Offshore Central GBR,Chicken,Back 1,Shallow,4,Zoe Meziere,1,4,2022,Taxon1,1/4/22,,pop19,,,
BLCH174A_BLCH174A,BLCH174A,Offshore Central GBR,19,Spis_10,D1,Chicken,15:30,5,-18.6604,147.7027,OOCH_BA2S,Offshore Central GBR,Chicken,Back 2,Shallow,4,Zoe Meziere,1,4,2022,Taxon1,1/4/22,BLCH16A,pop18,,,
Spis_OCCH_628_Spis_OCCH_628,Spis_OCCH_628,Offshore Central GBR,9,,,Chicken,9:00,5,-18.660365,147.702675,OCCH_BA2S,Offshore Central GBR,Chicken,Back2,Shallow,,Zoe Meziere,17,1,2022,Taxon1,17/1/22,,pop18,,,
Spis_OCCH_629_Spis_OCCH_629,Spis_OCCH_629,Offshore Central GBR,4,,,Chicken,9:00,5,-18.660365,147.702675,OCCH_BA2S,Offshore Central GBR,Chicken,Back2,Shallow,,Zoe Meziere,17,1,2022,Taxon1,17/1/22,,pop18,,,
Spis_OCCH_634_Spis_OCCH_634,Spis_OCCH_634,Offshore Central GBR,8,,,Chicken,9:00,5,-18.660365,147.702675,OCCH_BA2S,Offshore Central GBR,Chicken,Back2,Shallow,,Zoe Meziere,17,1,2022,Taxon1,17/1/22,,pop18,,,
Spis_OCCH_655_Spis_OCCH_655,Spis_OCCH_655,Offshore Central GBR,4,,,Chicken,9:00,6,-18.6532055,147.708533,OCCH_BA1S,Offshore Central GBR,Chicken,Back1,Shallow,,Zoe Meziere,18,1,2022,Taxon1,18/1/22,,pop19,,,
Spis_OCCH_659_Spis_OCCH_659,Spis_OCCH_659,Offshore Central GBR,15,,,Chicken,9:00,6,-18.6532055,147.708533,OCCH_BA1S,Offshore Central GBR,Chicken,Back1,Shallow,,Zoe Meziere,18,1,2022,Taxon1,18/1/22,,pop19,,,
Spis_OCCH_668_Spis_OCCH_668,Spis_OCCH_668,Offshore Central GBR,10,,,Chicken,9:00,6,-18.6532055,147.708533,OCCH_BA1S,Offshore Central GBR,Chicken,Back1,Shallow,,Zoe Meziere,18,1,2022,Taxon1,18/1/22,,pop19,,,
BLCH101A_BLCH101A,BLCH101A,Offshore Central GBR,31,Spis_51,C2,Davies,16:00,5,-18.8145,147.6372,OCDA_BA2S,Offshore Central GBR,Davies,Back 2,Shallow,1,Zoe Meziere,30,3,2022,Taxon1,30/3/22,,pop16,,,
BLCH105A_BLCH105A,BLCH105A,Offshore Central GBR,40,Spis_37,D1,Davies,11:30,5,-18.833,147.63338,OCDA_LA1S,Offshore Central GBR,Davies,Lagoon 1,Shallow,2,Zoe Meziere,31,3,2022,Taxon1,31/3/22,,pop11,,,
BLCH107A_BLCH107A,BLCH107A,Offshore Central GBR,22,Spis_46,C2,Davies,11:30,5,-18.833,147.63338,OCDA_LA1S,Offshore Central GBR,Davies,Lagoon 1,Shallow,4,Zoe Meziere,31,3,2022,Taxon1,31/3/22,,pop11,,,
BLCH108A_BLCH108A,BLCH108A,Offshore Central GBR,7,Spis_0,C1,Davies,15:00,5,-18.80575,147.6686,OCDA_FL1S,Offshore Central GBR,Davies,Flank 1,Shallow,1,Zoe Meziere,31,3,2022,Taxon1,31/3/22,,pop17,,,
BLCH109A_BLCH109A,BLCH109A,Offshore Central GBR,18,Spis_10,D1,Davies,15:00,5,-18.80575,147.6686,OCDA_FL1S,Offshore Central GBR,Davies,Flank 1,Shallow,1,Zoe Meziere,31,3,2022,Taxon1,31/3/22,,pop17,,,
BLCH10A_BLCH10A,BLCH10A,Offshore Central GBR,18,Spis_17,C2,Davies,14:30,5,-18.8259,147.62727,OCDA_BA1S,Offshore Central GBR,Davies,Back 1,Shallow,4,Zoe Meziere,28,3,2022,Taxon1,28/3/22,,pop14,,,
BLCH112A_BLCH112A,BLCH112A,Offshore Central GBR,30,Spis_4,C3,Davies,15:00,5,-18.80575,147.6686,OCDA_FL1S,Offshore Central GBR,Davies,Flank 1,Shallow,1,Zoe Meziere,31,3,2022,Taxon1,31/3/22,,pop17,,,
BLCH114A_BLCH114A,BLCH114A,Offshore Central GBR,26,Spis_9,C2,Davies,15:00,5,-18.80575,147.6686,OCDA_FL1S,Offshore Central GBR,Davies,Flank 1,Shallow,1,Zoe Meziere,31,3,2022,Taxon1,31/3/22,,pop17,,,
BLCH117A_BLCH117A,BLCH117A,Offshore Central GBR,38,Spis_21,C3,Davies,15:00,5,-18.80575,147.6686,OCDA_FL1S,Offshore Central GBR,Davies,Flank 1,Shallow,4,Zoe Meziere,31,3,2022,Taxon1,31/3/22,,pop17,,,
BLCH118A_BLCH118A,BLCH118A,Offshore Central GBR,10,Spis_22,C2.5,Davies,15:00,5,-18.80575,147.6686,OCDA_FL1S,Offshore Central GBR,Davies,Flank 1,Shallow,4,Zoe Meziere,31,3,2022,Taxon1,31/3/22,,pop17,,,
BLCH11A_BLCH11A,BLCH11A,Offshore Central GBR,11,Spis_43,C1,Davies,14:30,5,-18.8259,147.62727,OCDA_BA1S,Offshore Central GBR,Davies,Back 1,Shallow,4,Zoe Meziere,28,3,2022,Taxon1,28/3/22,,pop14,,,
BLCH120A_BLCH120A,BLCH120A,Offshore Central GBR,5,Spis_20,C2,Davies,15:00,5,-18.80575,147.6686,OCDA_FL1S,Offshore Central GBR,Davies,Flank 1,Shallow,4,Zoe Meziere,31,3,2022,Taxon1,31/3/22,,pop17,,,
BLCH121A_BLCH121A,BLCH121A,Offshore Central GBR,31,Spis_19,C2,Davies,15:00,5,-18.80575,147.6686,OCDA_FL1S,Offshore Central GBR,Davies,Flank 1,Shallow,4,Zoe Meziere,31,3,2022,Taxon1,31/3/22,,pop17,,,
BLCH122A_BLCH122A,BLCH122A,Offshore Central GBR,22,Spis_23,C2,Davies,15:00,5,-18.80575,147.6686,OCDA_FL1S,Offshore Central GBR,Davies,Flank 1,Shallow,4,Zoe Meziere,31,3,2022,Taxon1,31/3/22,,pop17,,,
BLCH20A_BLCH20A,BLCH20A,Offshore Central GBR,16,Spis_14,C1,Davies,14:30,5,-18.8259,147.62727,OCDA_BA1S,Offshore Central GBR,Davies,Back 1,Shallow,3,Zoe Meziere,28,3,2022,Taxon1,28/3/22,,pop14,,,
BLCH22A_BLCH22A,BLCH22A,Offshore Central GBR,16,Spis_15,C2,Davies,16:30,5,-18.8192,147.66391,OCDA_FR1S,Offshore Central GBR,Davies,Front 1,Shallow,4,Zoe Meziere,28,3,2022,Taxon1,28/3/22,,pop15,,,
BLCH31A_BLCH31A,BLCH31A,Offshore Central GBR,4,Spis_17,C2,Davies,16:30,5,-18.8192,147.66391,OCDA_FR1S,Offshore Central GBR,Davies,Front 1,Shallow,3,Zoe Meziere,28,3,2022,Taxon1,28/3/22,,pop15,,,
BLCH32A_BLCH32A,BLCH32A,Offshore Central GBR,7,Spis_15,C2,Davies,16:30,5,-18.8192,147.66391,OCDA_FR1S,Offshore Central GBR,Davies,Front 1,Shallow,3,Zoe Meziere,28,3,2022,Taxon1,28/3/22,,pop15,,,
BLCH35A_BLCH35A,BLCH35A,Offshore Central GBR,5,Spis_9,C2,Davies,10:00,13,-18.81966,147.66394,OCDA_FR1D,Offshore Central GBR,Davies,Front 1,Deep,4,Zoe Meziere,29,3,2022,Taxon1,29/3/22,,pop15,,,
BLCH38A_BLCH38A,BLCH38A,Offshore Central GBR,3,Spis_15,C1,Davies,10:00,13,-18.81966,147.66394,OCDA_FR1D,Offshore Central GBR,Davies,Front 1,Deep,4,Zoe Meziere,29,3,2022,Taxon1,29/3/22,,pop15,,,
BLCH41A_BLCH41A,BLCH41A,Offshore Central GBR,18,Spis_18,D1,Davies,10:00,13,-18.81966,147.66394,OCDA_FR1D,Offshore Central GBR,Davies,Front 1,Deep,4,Zoe Meziere,29,3,2022,Taxon1,29/3/22,,pop15,,,
BLCH42A_BLCH42A,BLCH42A,Offshore Central GBR,5,Spis_14,C4,Davies,14:00,13,-18.80592,147.6688,OCDA_FL1D,Offshore Central GBR,Davies,Flank1,Deep,1,Zoe Meziere,29,3,2022,Taxon1,29/3/22,,pop17,,,
BLCH46A_BLCH46A,BLCH46A,Offshore Central GBR,16,Spis_38,C2,Davies,14:00,13,-18.80592,147.6688,OCDA_FL1D,Offshore Central GBR,Davies,Flank1,Deep,1,Zoe Meziere,29,3,2022,Taxon1,29/3/22,,pop17,,,
BLCH49A_BLCH49A,BLCH49A,Offshore Central GBR,14,Spis_0,C4,Davies,14:00,13,-18.80592,147.6688,OCDA_FL1D,Offshore Central GBR,Davies,Flank1,Deep,1,Zoe Meziere,29,3,2022,Taxon1,29/3/22,,pop17,,,
BLCH4A_BLCH4A,BLCH4A,Offshore Central GBR,10,Spis_21,C2,Davies,10:30,13,-18.82579,147.62735,OCDA_BA1D,Offshore Central GBR,Davies,Back 1,Deep,2,Zoe Meziere,28,3,2022,Taxon1,28/3/22,,pop14,,,
BLCH55A_BLCH55A,BLCH55A,Offshore Central GBR,16,Spis_20,C2,Davies,16:00,5,-18.8145,147.6372,OCDA_BA2S,Offshore Central GBR,Davies,Back 2,Shallow,1,Zoe Meziere,29,3,2022,Taxon1,29/3/22,,pop16,,,
BLCH56A_BLCH56A,BLCH56A,Offshore Central GBR,5,Spis_19,C3,Davies,16:00,5,-18.8145,147.6372,OCDA_BA2S,Offshore Central GBR,Davies,Back 2,Shallow,1,Zoe Meziere,29,3,2022,Taxon1,29/3/22,,pop16,,,
BLCH63A_BLCH63A,BLCH63A,Offshore Central GBR,10,Spis_51,C2,Davies,9:30,5,-18.83187,147.6525,OCDA_FR2S,Offshore Central GBR,Davies,Front 2,Shallow,1,Zoe Meziere,30,3,2022,Taxon1,30/3/22,,pop12,,,
BLCH78A_BLCH78A,BLCH78A,Offshore Central GBR,5,Spis_14,C3.5,Davies,9:30,5,-18.83187,147.6525,OCDA_FR2S,Offshore Central GBR,Davies,Front 2,Shallow,3,Zoe Meziere,30,3,2022,Taxon1,30/3/22,,pop12,,,
BLCH85A_BLCH85A,BLCH85A,Offshore Central GBR,22,Spis_12,C2,Davies,16:00,5,-18.8145,147.6372,OCDA_BA2S,Offshore Central GBR,Davies,Back 2,Shallow,1,Zoe Meziere,30,3,2022,Taxon1,30/3/22,,pop16,,,
BLCH86A_BLCH86A,BLCH86A,Offshore Central GBR,14,Spis_10,C2,Davies,16:00,5,-18.8145,147.6372,OCDA_BA2S,Offshore Central GBR,Davies,Back 2,Shallow,1,Zoe Meziere,30,3,2022,Taxon1,30/3/22,,pop16,,,
BLCH87A_BLCH87A,BLCH87A,Offshore Central GBR,32,Spis_11,D3,Davies,16:00,5,-18.8145,147.6372,OCDA_BA2S,Offshore Central GBR,Davies,Back 2,Shallow,1,Zoe Meziere,30,3,2022,Taxon1,30/3/22,,pop16,,,
BLCH91A_BLCH91A,BLCH91A,Offshore Central GBR,33,Spis_24,C2,Davies,16:00,5,-18.8145,147.6372,OCDA_BA2S,Offshore Central GBR,Davies,Back 2,Shallow,1,Zoe Meziere,30,3,2022,Taxon1,30/3/22,,pop16,,,
BLCH93A_BLCH93A,BLCH93A,Offshore Central GBR,21,Spis_27,C2,Davies,16:00,5,-18.8145,147.6372,OCDA_BA2S,Offshore Central GBR,Davies,Back 2,Shallow,1,Zoe Meziere,30,3,2022,Taxon1,30/3/22,,pop16,,,
BLCH99A_BLCH99A,BLCH99A,Offshore Central GBR,20,Spis_27,C2,Davies,16:00,5,-18.8145,147.6372,OCDA_BA2S,Offshore Central GBR,Davies,Back 2,Shallow,1,Zoe Meziere,30,3,2022,Taxon1,30/3/22,,pop16,,,
BLCH9A_BLCH9A,BLCH9A,Offshore Central GBR,3,Spis_34,C2,Davies,14:30,5,-18.8259,147.62727,OCDA_BA1S,Offshore Central GBR,Davies,Back 1,Shallow,4,Zoe Meziere,28,3,2022,Taxon1,28/3/22,,pop14,,,
Spis_OCDA_570_Spis_OCDA_570,Spis_OCDA_570,Offshore Central GBR,12,,,Davies,15:00,13,-18.83191,147.65257,OCDA_FR2D,Offshore Central GBR,Davies,Front2,Deep,,Zoe Meziere,15,1,2022,Taxon1,15/1/22,,pop12,,,
Spis_OCDA_573_Spis_OCDA_573,Spis_OCDA_573,Offshore Central GBR,3,,,Davies,15:00,13,-18.83191,147.65257,OCDA_FR2D,Offshore Central GBR,Davies,Front2,Deep,,Zoe Meziere,15,1,2022,Taxon1,15/1/22,,pop12,,,
Spis_OCDA_576_Spis_OCDA_576,Spis_OCDA_576,Offshore Central GBR,1,,,Davies,15:00,13,-18.83191,147.65257,OCDA_FR2D,Offshore Central GBR,Davies,Front2,Deep,,Zoe Meziere,15,1,2022,Taxon1,15/1/22,,pop12,,,
Spis_OCDA_577_Spis_OCDA_577,Spis_OCDA_577,Offshore Central GBR,13,,,Davies,15:00,13,-18.83191,147.65257,OCDA_FR2D,Offshore Central GBR,Davies,Front2,Deep,,Zoe Meziere,15,1,2022,Taxon1,15/1/22,,pop12,,,
Spis_OCDA_579_Spis_OCDA_579,Spis_OCDA_579,Offshore Central GBR,15,,,Davies,15:00,13,-18.83191,147.65257,OCDA_FR2D,Offshore Central GBR,Davies,Front2,Deep,,Zoe Meziere,15,1,2022,Taxon1,15/1/22,,pop12,,,
Spis_OCDA_581_Spis_OCDA_581,Spis_OCDA_581,Offshore Central GBR,14,,,Davies,15:00,13,-18.83191,147.65257,OCDA_FR2D,Offshore Central GBR,Davies,Front2,Deep,,Zoe Meziere,15,1,2022,Taxon1,15/1/22,,pop12,,,
Spis_OCDA_582_Spis_OCDA_582,Spis_OCDA_582,Offshore Central GBR,7,,,Davies,15:00,13,-18.83191,147.65257,OCDA_FR2D,Offshore Central GBR,Davies,Front2,Deep,,Zoe Meziere,15,1,2022,Taxon1,15/1/22,,pop12,,,
Spis_OCDA_588_Spis_OCDA_588,Spis_OCDA_588,Offshore Central GBR,1,,,Davies,9:00,5,-18.83187,147.6525,OCDA_FR2S,Offshore Central GBR,Davies,Front2,Shallow,,Zoe Meziere,15,1,2022,Taxon1,15/1/22,,pop12,,,
Spis_OCDA_589_Spis_OCDA_589,Spis_OCDA_589,Offshore Central GBR,2,,,Davies,9:00,5,-18.83187,147.6525,OCDA_FR2S,Offshore Central GBR,Davies,Front2,Shallow,,Zoe Meziere,15,1,2022,Taxon1,15/1/22,,pop12,,,
Spis_OCDA_593_Spis_OCDA_593,Spis_OCDA_593,Offshore Central GBR,11,,,Davies,9:00,5,-18.83187,147.6525,OCDA_FR2S,Offshore Central GBR,Davies,Front2,Shallow,,Zoe Meziere,15,1,2022,Taxon1,15/1/22,,pop12,,,
Spis_OCDA_594_Spis_OCDA_594,Spis_OCDA_594,Offshore Central GBR,4,,,Davies,9:00,5,-18.83187,147.6525,OCDA_FR2S,Offshore Central GBR,Davies,Front2,Shallow,,Zoe Meziere,15,1,2022,Taxon1,15/1/22,,pop12,,,
Spis_OCDA_595_Spis_OCDA_595,Spis_OCDA_595,Offshore Central GBR,14,,,Davies,9:00,5,-18.83187,147.6525,OCDA_FR2S,Offshore Central GBR,Davies,Front2,Shallow,,Zoe Meziere,15,1,2022,Taxon1,15/1/22,,pop12,,,
Spis_OCDA_600_Spis_OCDA_600,Spis_OCDA_600,Offshore Central GBR,11,,,Davies,15:00,14,-18.81966,147.66394,OCDA_FR1D,Offshore Central GBR,Davies,Front1,Deep,,Zoe Meziere,16,1,2022,Taxon1,16/1/22,,pop15,,,
Spis_OCDA_601_Spis_OCDA_601,Spis_OCDA_601,Offshore Central GBR,10,,,Davies,15:00,14,-18.81966,147.66394,OCDA_FR1D,Offshore Central GBR,Davies,Front1,Deep,,Zoe Meziere,16,1,2022,Taxon1,16/1/22,,pop15,,,
Spis_OCDA_602_Spis_OCDA_602,Spis_OCDA_602,Offshore Central GBR,15,,,Davies,15:00,14,-18.81966,147.66394,OCDA_FR1D,Offshore Central GBR,Davies,Front1,Deep,,Zoe Meziere,16,1,2022,Taxon1,16/1/22,,pop15,,,
Spis_OCDA_603_Spis_OCDA_603,Spis_OCDA_603,Offshore Central GBR,12,,,Davies,15:00,14,-18.81966,147.66394,OCDA_FR1D,Offshore Central GBR,Davies,Front1,Deep,,Zoe Meziere,16,1,2022,Taxon1,16/1/22,,pop15,,,
Spis_OCDA_613_Spis_OCDA_613,Spis_OCDA_613,Offshore Central GBR,9,,,Davies,9:00,6,-18.8192,147.66391,OCDA_FR1S,Offshore Central GBR,Davies,Front1,Shallow,,Zoe Meziere,16,1,2022,Taxon1,16/1/22,,pop15,,,
Spis_OCDA_670_Spis_OCDA_670,Spis_OCDA_670,Offshore Central GBR,5,,,Davies,16:00,15,-18.80592,147.6688,OCDA_FL1D,Offshore Central GBR,Davies,Flank1,Deep,,Zoe Meziere,19,1,2022,Taxon1,19/1/22,,pop17,,,
Spis_OCDA_672_Spis_OCDA_672,Spis_OCDA_672,Offshore Central GBR,1,,,Davies,16:00,15,-18.80592,147.6688,OCDA_FL1D,Offshore Central GBR,Davies,Flank1,Deep,,Zoe Meziere,19,1,2022,Taxon1,19/1/22,,pop17,,,
Spis_OCDA_675_Spis_OCDA_675,Spis_OCDA_675,Offshore Central GBR,6,,,Davies,16:00,15,-18.80592,147.6688,OCDA_FL1D,Offshore Central GBR,Davies,Flank1,Deep,,Zoe Meziere,19,1,2022,Taxon1,19/1/22,,pop17,,,
Spis_OCDA_677_Spis_OCDA_677,Spis_OCDA_677,Offshore Central GBR,11,,,Davies,16:00,15,-18.80592,147.6688,OCDA_FL1D,Offshore Central GBR,Davies,Flank1,Deep,,Zoe Meziere,19,1,2022,Taxon1,19/1/22,,pop17,,,
Spis_OCDA_679_Spis_OCDA_679,Spis_OCDA_679,Offshore Central GBR,9,,,Davies,16:00,15,-18.80592,147.6688,OCDA_FL1D,Offshore Central GBR,Davies,Flank1,Deep,,Zoe Meziere,19,1,2022,Taxon1,19/1/22,,pop17,,,
Spis_OCDA_683_Spis_OCDA_683,Spis_OCDA_683,Offshore Central GBR,1,,,Davies,9:00,5,-18.80575,147.6686,OCDA_FL1S,Offshore Central GBR,Davies,Flank1,Shallow,,Zoe Meziere,20,1,2022,Taxon1,20/1/22,,pop17,,,
Spis_OCDA_691_Spis_OCDA_691,Spis_OCDA_691,Offshore Central GBR,12,,,Davies,9:00,5,-18.80575,147.6686,OCDA_FL1S,Offshore Central GBR,Davies,Flank1,Shallow,,Zoe Meziere,20,1,2022,Taxon1,20/1/22,,pop17,,,
Spis_OCDA_740_Spis_OCDA_740,Spis_OCDA_740,Offshore Central GBR,4,,,Davies,9:00,5,-18.833,147.63338,OCDA_LA1S,Offshore Central GBR,Davies,Lagoon1,Shallow,,Zoe Meziere,22,1,2022,Taxon1,22/1/22,,pop11,,,
Spis_OCDA_742_Spis_OCDA_742,Spis_OCDA_742,Offshore Central GBR,21,,,Davies,9:00,5,-18.833,147.63338,OCDA_LA1S,Offshore Central GBR,Davies,Lagoon1,Shallow,,Zoe Meziere,22,1,2022,Taxon1,22/1/22,,pop11,,,
Spis_OCDA_743_Spis_OCDA_743,Spis_OCDA_743,Offshore Central GBR,20,,,Davies,9:00,5,-18.833,147.63338,OCDA_LA1S,Offshore Central GBR,Davies,Lagoon1,Shallow,,Zoe Meziere,22,1,2022,Taxon1,22/1/22,,pop11,,,
Spis_OCDA_746_Spis_OCDA_746,Spis_OCDA_746,Offshore Central GBR,2,,,Davies,9:00,5,-18.833,147.63338,OCDA_LA1S,Offshore Central GBR,Davies,Lagoon1,Shallow,,Zoe Meziere,22,1,2022,Taxon1,22/1/22,,pop11,,,
Spis_OCDA_748_Spis_OCDA_748,Spis_OCDA_748,Offshore Central GBR,10,,,Davies,9:00,5,-18.833,147.63338,OCDA_LA1S,Offshore Central GBR,Davies,Lagoon1,Shallow,,Zoe Meziere,22,1,2022,Taxon1,22/1/22,,pop11,,,
Spis_OCDA_749_Spis_OCDA_749,Spis_OCDA_749,Offshore Central GBR,22,,,Davies,9:00,5,-18.833,147.63338,OCDA_LA1S,Offshore Central GBR,Davies,Lagoon1,Shallow,,Zoe Meziere,22,1,2022,Taxon1,22/1/22,,pop11,,,
Spis_OCDA_752_Spis_OCDA_752,Spis_OCDA_752,Offshore Central GBR,18,,,Davies,9:00,5,-18.833,147.63338,OCDA_LA1S,Offshore Central GBR,Davies,Lagoon1,Shallow,,Zoe Meziere,22,1,2022,Taxon1,22/1/22,,pop11,,,
Spis_OCDA_755_Spis_OCDA_755,Spis_OCDA_755,Offshore Central GBR,13,,,Davies,9:00,5,-18.833,147.63338,OCDA_LA1S,Offshore Central GBR,Davies,Lagoon1,Shallow,,Zoe Meziere,22,1,2022,Taxon1,22/1/22,,pop11,,,
Spis_OCDA_757_Spis_OCDA_757,Spis_OCDA_757,Offshore Central GBR,17,,,Davies,9:00,5,-18.833,147.63338,OCDA_LA1S,Offshore Central GBR,Davies,Lagoon1,Shallow,,Zoe Meziere,22,1,2022,Taxon1,22/1/22,,pop11,,,
Spis_OCDA_758_Spis_OCDA_758,Spis_OCDA_758,Offshore Central GBR,6,,,Davies,9:00,5,-18.833,147.63338,OCDA_LA1S,Offshore Central GBR,Davies,Lagoon1,Shallow,,Zoe Meziere,22,1,2022,Taxon1,22/1/22,,pop11,,,
Spis_OCDA_760_Spis_OCDA_760,Spis_OCDA_760,Offshore Central GBR,20,,,Davies,14:30,5,-18.83125,147.63316,OCDA_LA2S,Offshore Central GBR,Davies,Lagoon2,Shallow,,Zoe Meziere,22,1,2022,Taxon1,22/1/22,,pop13,,,
Spis_OCDA_762_Spis_OCDA_762,Spis_OCDA_762,Offshore Central GBR,12,,,Davies,14:30,5,-18.83125,147.63316,OCDA_LA2S,Offshore Central GBR,Davies,Lagoon2,Shallow,,Zoe Meziere,22,1,2022,Taxon1,22/1/22,,pop13,,,
Spis_OCDA_763_Spis_OCDA_763,Spis_OCDA_763,Offshore Central GBR,2,,,Davies,14:30,5,-18.83125,147.63316,OCDA_LA2S,Offshore Central GBR,Davies,Lagoon2,Shallow,,Zoe Meziere,22,1,2022,Taxon1,22/1/22,,pop13,,,
Spis_OCDA_768_Spis_OCDA_768,Spis_OCDA_768,Offshore Central GBR,24,,,Davies,14:30,5,-18.83125,147.63316,OCDA_LA2S,Offshore Central GBR,Davies,Lagoon2,Shallow,,Zoe Meziere,22,1,2022,Taxon1,22/1/22,,pop13,,,
Spis_OCDA_770_Spis_OCDA_770,Spis_OCDA_770,Offshore Central GBR,4,,,Davies,10:30,14,-18.82579,147.62735,OCDA_BA1D,Offshore Central GBR,Davies,Back1,Deep,,Zoe Meziere,23,1,2022,Taxon1,23/1/22,,pop14,,,
Spis_OCDA_776_Spis_OCDA_776,Spis_OCDA_776,Offshore Central GBR,5,,,Davies,10:30,14,-18.82579,147.62735,OCDA_BA1D,Offshore Central GBR,Davies,Back1,Deep,,Zoe Meziere,23,1,2022,Taxon1,23/1/22,,pop14,,,
Spis_OCDA_778_Spis_OCDA_778,Spis_OCDA_778,Offshore Central GBR,24,,,Davies,10:30,14,-18.82579,147.62735,OCDA_BA1D,Offshore Central GBR,Davies,Back1,Deep,,Zoe Meziere,23,1,2022,Taxon1,23/1/22,,pop14,,,
Spis_OCDA_779_Spis_OCDA_779,Spis_OCDA_779,Offshore Central GBR,21,,,Davies,15:00,5,-18.8259,147.62727,OCDA_BA1S,Offshore Central GBR,Davies,Back1,Shallow,,Zoe Meziere,23,1,2022,Taxon1,23/1/22,,pop14,,,
Spis_OCDA_781_Spis_OCDA_781,Spis_OCDA_781,Offshore Central GBR,3,,,Davies,15:00,5,-18.8259,147.62727,OCDA_BA1S,Offshore Central GBR,Davies,Back1,Shallow,,Zoe Meziere,23,1,2022,Taxon1,23/1/22,,pop14,,,
Spis_OCDA_784_Spis_OCDA_784,Spis_OCDA_784,Offshore Central GBR,7,,,Davies,15:00,5,-18.8259,147.62727,OCDA_BA1S,Offshore Central GBR,Davies,Back1,Shallow,,Zoe Meziere,23,1,2022,Taxon1,23/1/22,,pop14,,,
Spis_OCDA_788_Spis_OCDA_788,Spis_OCDA_788,Offshore Central GBR,22,,,Davies,15:00,5,-18.8259,147.62727,OCDA_BA1S,Offshore Central GBR,Davies,Back1,Shallow,,Zoe Meziere,23,1,2022,Taxon1,23/1/22,,pop14,,,
Spis_CBHE_1279_Spis_CBHE_1279,Spis_CBHE_1279,Offshore South GBR,28,Spis_19,,Heron,10:00,12,-23.4708,151.9511,CBHE_FR2D,Offshore South GBR,Heron,Front2,Deep,1,Iva Popovic,5,5,2022,Taxon1,5/5/22,,pop4,,,
Spis_CBHE_1281_Spis_CBHE_1281,Spis_CBHE_1281,Offshore South GBR,34,,,Heron,10:00,12,-23.4708,151.9511,CBHE_FR2D,Offshore South GBR,Heron,Front2,Deep,1,Iva Popovic,5,5,2022,Taxon1,5/5/22,,pop4,,,
Spis_CBHE_1282_Spis_CBHE_1282,Spis_CBHE_1282,Offshore South GBR,12,Spis_54,,Heron,10:00,12,-23.4708,151.9511,CBHE_FR2D,Offshore South GBR,Heron,Front2,Deep,2,Iva Popovic,5,5,2022,Taxon1,5/5/22,,pop4,,,
Spis_CBHE_1284_Spis_CBHE_1284,Spis_CBHE_1284,Offshore South GBR,32,Spis_4,,Heron,10:00,12,-23.4708,151.9511,CBHE_FR2D,Offshore South GBR,Heron,Front2,Deep,2,Iva Popovic,5,5,2022,Taxon1,5/5/22,,pop4,,,
Spis_CBHE_1287_Spis_CBHE_1287,Spis_CBHE_1287,Offshore South GBR,11,Spis_57,,Heron,10:00,12,-23.4708,151.9511,CBHE_FR2D,Offshore South GBR,Heron,Front2,Deep,3,Iva Popovic,5,5,2022,Taxon1,5/5/22,,pop4,,,
Spis_CBHE_1289_Spis_CBHE_1289,Spis_CBHE_1289,Offshore South GBR,12,,,Heron,14:30,5,-23.4704,151.9507,CBHE_FR2S,Offshore South GBR,Heron,Front2,Shallow,1,Iva Popovic,5,5,2022,Taxon1,5/5/22,,pop4,,,
Spis_CBHE_1324_Spis_CBHE_1324,Spis_CBHE_1324,Offshore South GBR,6,Spis_54,,Heron,14:30,5,-23.472,151.9777,CBHE_FR1S,Offshore South GBR,Heron,Front1,Shallow,2,Iva Popovic,6,5,2022,Taxon1,6/5/22,,pop3,,,
Spis_CBHE_1334_Spis_CBHE_1334,Spis_CBHE_1334,Offshore South GBR,37,Spis_54,,Heron,10:00,5,-23.4562,151.9257,CBHE_FL1S,Offshore South GBR,Heron,Flank1,Shallow,1,Iva Popovic,7,5,2022,Taxon1,7/5/22,,pop5,,,
Spis_CBHE_1335_Spis_CBHE_1335,Spis_CBHE_1335,Offshore South GBR,39,Spis_17,,Heron,10:00,5,-23.4562,151.9257,CBHE_FL1S,Offshore South GBR,Heron,Flank1,Shallow,2,Iva Popovic,7,5,2022,Taxon1,7/5/22,,pop5,,,
Spis_CBHE_1346_Spis_CBHE_1346,Spis_CBHE_1346,Offshore South GBR,17,Spis_54,,Heron,10:00,5,-23.4562,151.9257,CBHE_FL1S,Offshore South GBR,Heron,Flank1,Shallow,4,Iva Popovic,7,5,2022,Taxon1,7/5/22,,pop5,,,
Spis_CBHE_1382_Spis_CBHE_1382,Spis_CBHE_1382,Offshore South GBR,34,,,Heron,14:30,5,-23.4284,151.9524,CBHE_BA1S,Offshore South GBR,Heron,Back1,Shallow,2,Iva Popovic,8,5,2022,Taxon1,8/5/22,,pop7,,,
Spis_CBHE_1396_Spis_CBHE_1396,Spis_CBHE_1396,Offshore South GBR,39,Spis_53,,Heron,10:00,12,-23.4341,151.9203,CBHE_BA2D,Offshore South GBR,Heron,Back2,Deep,1,Iva Popovic,9,5,2022,Taxon1,9/5/22,,pop6,,,
Spis_CBHE_1398_Spis_CBHE_1398,Spis_CBHE_1398,Offshore South GBR,13,,,Heron,10:00,12,-23.4341,151.9203,CBHE_BA2D,Offshore South GBR,Heron,Back2,Deep,2,Iva Popovic,9,5,2022,Taxon1,9/5/22,,pop6,,,
Spis_CBHE_1400_Spis_CBHE_1400,Spis_CBHE_1400,Offshore South GBR,3,,,Heron,10:00,12,-23.4341,151.9203,CBHE_BA2D,Offshore South GBR,Heron,Back2,Deep,2,Iva Popovic,9,5,2022,Taxon1,9/5/22,,pop6,,,
Spis_CBHE_1408_Spis_CBHE_1408,Spis_CBHE_1408,Offshore South GBR,33,,,Heron,10:00,12,-23.4341,151.9203,CBHE_BA2D,Offshore South GBR,Heron,Back2,Deep,4,Iva Popovic,9,5,2022,Taxon1,9/5/22,,pop6,,,
Spis_CBHE_1412_Spis_CBHE_1412,Spis_CBHE_1412,Offshore South GBR,3,,,Heron,14:30,5,-23.434,151.9209,CBHE_BA2S,Offshore South GBR,Heron,Back2,Shallow,1,Iva Popovic,9,5,2022,Taxon1,9/5/22,,pop6,,,
Spis_CBHE_1418_Spis_CBHE_1418,Spis_CBHE_1418,Offshore South GBR,24,,,Heron,14:30,5,-23.434,151.9209,CBHE_BA2S,Offshore South GBR,Heron,Back2,Shallow,3,Iva Popovic,9,5,2022,Taxon1,9/5/22,,pop6,,,
Spis_CBHE_1423_Spis_CBHE_1423,Spis_CBHE_1423,Offshore South GBR,31,Spis_54,,Heron,14:30,5,-23.434,151.9209,CBHE_BA2S,Offshore South GBR,Heron,Back2,Shallow,4,Iva Popovic,9,5,2022,Taxon1,9/5/22,,pop6,,,
Spis_CBHE_213_Spis_CBHE_213,Spis_CBHE_213,Offshore South GBR,3,28,,Heron,11:10,5,-23.4561755,151.925688,CBHR_FL1S,Offshore South GBR,Heron,Flank1,Shallow,,Zoe Meziere,16,9,2021,Taxon1,16/9/21,,pop5,,,
Spis_CBHE_221_Spis_CBHE_221,Spis_CBHE_221,Offshore South GBR,40,15,,Heron,11:10,5,-23.4561755,151.925688,CBHR_FL1S,Offshore South GBR,Heron,Flank1,Shallow,,Zoe Meziere,16,9,2021,Taxon1,16/9/21,,pop5,,,
Spis_CBHE_256_Spis_CBHE_256,Spis_CBHE_256,Offshore South GBR,111,105,,Heron,11:54,12,-23.428043,151.952453,CBHR_BA1D,Offshore South GBR,Heron,Back1,Deep,1,Tom Richards,18,9,2021,Taxon1,18/9/21,,pop7,,,
Spis_CBHE_259_Spis_CBHE_259,Spis_CBHE_259,Offshore South GBR,2,108,,Heron,12:00,5,-23.4284405,151.952418,CBHR_BA1S,Offshore South GBR,Heron,Back1,Shallow,1,Ilha Byrne,19,9,2021,Taxon1,19/9/21,,pop7,,,
Spis_CBLM_1239_Spis_CBLM_1239,Spis_CBLM_1239,Offshore South GBR,29,Spis_26,,Lady Musgrave,14:45,5,-23.896147,152.413821,CBLM_LA1S,Offshore South GBR,Lady Musgrave,Lagoon1,Shallow,4,Iva Popovic,3,5,2022,Taxon1,3/5/22,,pop2,,,
Spis_CBLM_1259_Spis_CBLM_1259,Spis_CBLM_1259,Offshore South GBR,30,Spis_51,,Lady Musgrave,14:00,5,-23.917571,152.391971,CBLM_FL2S,Offshore South GBR,Lady Musgrave,Flank2,Shallow,1,Iva Popovic,4,5,2022,Taxon1,4/5/22,,pop1,,,
Spis_CBLM_1261_Spis_CBLM_1261,Spis_CBLM_1261,Offshore South GBR,8,Spis_56,,Lady Musgrave,14:00,5,-23.917571,152.391971,CBLM_FL2S,Offshore South GBR,Lady Musgrave,Flank2,Shallow,1,Iva Popovic,4,5,2022,Taxon1,4/5/22,,pop1,,,
Spis_CBLM_1262_Spis_CBLM_1262,Spis_CBLM_1262,Offshore South GBR,12,Spis_55,,Lady Musgrave,14:00,5,-23.917571,152.391971,CBLM_FL2S,Offshore South GBR,Lady Musgrave,Flank2,Shallow,1,Iva Popovic,4,5,2022,Taxon1,4/5/22,,pop1,,,
Spis_CBLM_1264_Spis_CBLM_1264,Spis_CBLM_1264,Offshore South GBR,9,Spis_53,,Lady Musgrave,14:00,5,-23.917571,152.391971,CBLM_FL2S,Offshore South GBR,Lady Musgrave,Flank2,Shallow,1,Iva Popovic,4,5,2022,Taxon1,4/5/22,,pop1,,,
Spis_CBLM_1271_Spis_CBLM_1271,Spis_CBLM_1271,Offshore South GBR,38,Spis_38,,Lady Musgrave,14:00,5,-23.917571,152.391971,CBLM_FL2S,Offshore South GBR,Lady Musgrave,Flank2,Shallow,3,Iva Popovic,4,5,2022,Taxon1,4/5/22,,pop1,,,
Spis_CBLM_1274_Spis_CBLM_1274,Spis_CBLM_1274,Offshore South GBR,2,Spis_28,,Lady Musgrave,14:00,5,-23.917571,152.391971,CBLM_FL2S,Offshore South GBR,Lady Musgrave,Flank2,Shallow,4,Iva Popovic,4,5,2022,Taxon1,4/5/22,,pop1,,,
Spis_CBLM_1275_Spis_CBLM_1275,Spis_CBLM_1275,Offshore South GBR,20,Spis_25,,Lady Musgrave,14:00,5,-23.917571,152.391971,CBLM_FL2S,Offshore South GBR,Lady Musgrave,Flank2,Shallow,4,Iva Popovic,4,5,2022,Taxon1,4/5/22,,pop1,,,
BLCH181A_BLCH181A,BLCH181A,Offshore Central GBR,8,Spis_24,D1,Little Broadhurst,8:00,5,-18.944062,147.699285,OCLB_FL1S,Offshore Central GBR,Little Broadhurst,Flank 1,Shallow,1,Zoe Meziere,2,4,2022,Taxon1,2/4/22,BLCH174A,pop10,,,
BLCH183A_BLCH183A,BLCH183A,Offshore Central GBR,22,Spis_26,C2.5,Little Broadhurst,8:00,5,-18.944062,147.699285,OCLB_FL1S,Offshore Central GBR,Little Broadhurst,Flank 1,Shallow,1,Zoe Meziere,2,4,2022,Taxon1,2/4/22,BLCH182A,pop10,,,
BLCH184B_BLCH184B,BLCH184B,Offshore Central GBR,36,Spis_30,D1.5,Little Broadhurst,11:00,5,-18.9493475,147.6929265,OCLB_BA1S,Offshore Central GBR,Little Broadhurst,Back 1,Shallow,1,Zoe Meziere,2,4,2022,Taxon1,2/4/22,,pop9,,,
BLCH190A_BLCH190A,BLCH190A,Offshore Central GBR,5,Spis_30,D1,Little Broadhurst,8:00,5,-18.944062,147.699285,OCLB_FL1S,Offshore Central GBR,Little Broadhurst,Flank 1,Shallow,3,Zoe Meziere,2,4,2022,Taxon1,2/4/22,,pop10,,,
BLCH193B_BLCH193B,BLCH193B,Offshore Central GBR,37,Spis_10,D1.5,Little Broadhurst,11:00,5,-18.9493475,147.6929265,OCLB_BA1S,Offshore Central GBR,Little Broadhurst,Back 1,Shallow,1,Zoe Meziere,2,4,2022,Taxon1,2/4/22,,pop9,,,
BLCH194B_BLCH194B,BLCH194B,Offshore Central GBR,19,Spis_16,D1.5,Little Broadhurst,11:00,5,-18.9493475,147.6929265,OCLB_BA1S,Offshore Central GBR,Little Broadhurst,Back 1,Shallow,1,Zoe Meziere,2,4,2022,Taxon1,2/4/22,,pop9,,,
BLCH195B_BLCH195B,BLCH195B,Offshore Central GBR,12,Spis_16,D1.5,Little Broadhurst,11:00,5,-18.9493475,147.6929265,OCLB_BA1S,Offshore Central GBR,Little Broadhurst,Back 1,Shallow,4,Zoe Meziere,2,4,2022,Taxon1,2/4/22,,pop9,,,
BLCH196B_BLCH196B,BLCH196B,Offshore Central GBR,14,Spis_13,D3,Little Broadhurst,11:00,5,-18.9493475,147.6929265,OCLB_BA1S,Offshore Central GBR,Little Broadhurst,Back 1,Shallow,4,Zoe Meziere,2,4,2022,Taxon1,2/4/22,,pop9,,,
BLCH197B_BLCH197B,BLCH197B,Offshore Central GBR,27,Spis_10,D1.5,Little Broadhurst,11:00,5,-18.9493475,147.6929265,OCLB_BA1S,Offshore Central GBR,Little Broadhurst,Back 1,Shallow,4,Zoe Meziere,2,4,2022,Taxon1,2/4/22,,pop9,,,
Spis_OCLB_697_Spis_OCLB_697,Spis_OCLB_697,Offshore Central GBR,8,,,Little Broadhurst,16:00,5,-18.9493475,147.6929265,OCLB_BA1S,Offshore Central GBR,Little Broadhurst,Back1,Shallow,,Zoe Meziere,20,1,2022,Taxon1,20/1/22,,pop9,,,
Spis_OCLB_701_Spis_OCLB_701,Spis_OCLB_701,Offshore Central GBR,10,,,Little Broadhurst,16:00,5,-18.9493475,147.6929265,OCLB_BA1S,Offshore Central GBR,Little Broadhurst,Back1,Shallow,,Zoe Meziere,20,1,2022,Taxon1,20/1/22,,pop9,,,
Spis_OCLB_711_Spis_OCLB_711,Spis_OCLB_711,Offshore Central GBR,1,,,Little Broadhurst,10:00,5,-18.944062,147.699285,OCLB_FL1S,Offshore Central GBR,Little Broadhurst,Flank1,Shallow,,Zoe Meziere,21,1,2022,Taxon1,21/1/22,,pop10,,,
Spis_OCLB_717_Spis_OCLB_717,Spis_OCLB_717,Offshore Central GBR,11,,,Little Broadhurst,10:00,5,-18.944062,147.699285,OCLB_FL1S,Offshore Central GBR,Little Broadhurst,Flank1,Shallow,,Zoe Meziere,21,1,2022,Taxon1,21/1/22,,pop10,,,
Spis_OCLB_720_Spis_OCLB_720,Spis_OCLB_720,Offshore Central GBR,9,,,Little Broadhurst,10:00,5,-18.944062,147.699285,OCLB_FL1S,Offshore Central GBR,Little Broadhurst,Flank1,Shallow,,Zoe Meziere,21,1,2022,Taxon1,21/1/22,,pop10,,,
Spis_OCLB_724_Spis_OCLB_724,Spis_OCLB_724,Offshore Central GBR,14,,,Little Broadhurst,10:00,5,-18.944062,147.699285,OCLB_FL1S,Offshore Central GBR,Little Broadhurst,Flank1,Shallow,,Zoe Meziere,21,1,2022,Taxon1,21/1/22,,pop10,,,
Spis_OCLB_725_Spis_OCLB_725,Spis_OCLB_725,Offshore Central GBR,5,,,Little Broadhurst,15:00,5,-18.949382,147.701909,OCLB_LA1S,Offshore Central GBR,Little Broadhurst,Lagoon1,Shallow,,Zoe Meziere,21,1,2022,Taxon1,21/1/22,,pop8,,,
Spis_OCLB_728_Spis_OCLB_728,Spis_OCLB_728,Offshore Central GBR,4,,,Little Broadhurst,15:00,5,-18.949382,147.701909,OCLB_LA1S,Offshore Central GBR,Little Broadhurst,Lagoon1,Shallow,,Zoe Meziere,21,1,2022,Taxon1,21/1/22,,pop8,,,
Spis_OCLB_731_Spis_OCLB_731,Spis_OCLB_731,Offshore Central GBR,12,,,Little Broadhurst,15:00,5,-18.949382,147.701909,OCLB_LA1S,Offshore Central GBR,Little Broadhurst,Lagoon1,Shallow,,Zoe Meziere,21,1,2022,Taxon1,21/1/22,,pop8,,,
Spis_OCLB_734_Spis_OCLB_734,Spis_OCLB_734,Offshore Central GBR,10,,,Little Broadhurst,15:00,5,-18.949382,147.701909,OCLB_LA1S,Offshore Central GBR,Little Broadhurst,Lagoon1,Shallow,,Zoe Meziere,21,1,2022,Taxon1,21/1/22,,pop8,,,
Spis_OCLB_738_Spis_OCLB_738,Spis_OCLB_738,Offshore Central GBR,11,,,Little Broadhurst,19:00,5,-18.949382,147.701909,OCLB_LA1S,Offshore Central GBR,Little Broadhurst,Lagoon1,Shallow,,Zoe Meziere,21,1,2022,Taxon1,21/1/22,,pop8,,,
Spis_OCLB_739_Spis_OCLB_739,Spis_OCLB_739,Offshore Central GBR,6,,,Little Broadhurst,20:00,5,-18.949382,147.701909,OCLB_LA1S,Offshore Central GBR,Little Broadhurst,Lagoon1,Shallow,,Zoe Meziere,21,1,2022,Taxon1,21/1/22,,pop8,,,
Spis_ONLI_441_Spis_ONLI_441,Spis_ONLI_441,Offshore North GBR,6,,,Lizard,9:30,5,-14.6912735,145.4693795,ONLI_FR1S,Offshore North GBR,Lizard,Front1,Shallow,,Zoe Meziere,30,10,2021,Taxon1,30/10/21,,pop30,,,
Spis_ONLI_442_Spis_ONLI_442,Spis_ONLI_442,Offshore North GBR,9,,,Lizard,9:30,5,-14.6912735,145.4693795,ONLI_FR1S,Offshore North GBR,Lizard,Front1,Shallow,,Zoe Meziere,30,10,2021,Taxon1,30/10/21,,pop30,,,
Spis_ONLI_443_Spis_ONLI_443,Spis_ONLI_443,Offshore North GBR,4,,,Lizard,9:30,5,-14.6912735,145.4693795,ONLI_FR1S,Offshore North GBR,Lizard,Front1,Shallow,,Zoe Meziere,30,10,2021,Taxon1,30/10/21,,pop30,,,
Spis_ONLI_445_Spis_ONLI_445,Spis_ONLI_445,Offshore North GBR,13,,,Lizard,9:30,5,-14.6912735,145.4693795,ONLI_FR1S,Offshore North GBR,Lizard,Front1,Shallow,,Zoe Meziere,30,10,2021,Taxon1,30/10/21,,pop30,,,
Spis_ONLI_448_Spis_ONLI_448,Spis_ONLI_448,Offshore North GBR,11,,,Lizard,9:30,5,-14.6912735,145.4693795,ONLI_FR1S,Offshore North GBR,Lizard,Front1,Shallow,,Zoe Meziere,30,10,2021,Taxon1,30/10/21,,pop30,,,
Spis_ONLI_449_Spis_ONLI_449,Spis_ONLI_449,Offshore North GBR,7,,,Lizard,14:00,4,-14.6980975,145.445447,ONLI_FL1S,Offshore North GBR,Lizard,Flank1,Shallow,,Zoe Meziere,30,10,2021,Taxon1,30/10/21,,pop29,,,
Spis_ONLI_455_Spis_ONLI_455,Spis_ONLI_455,Offshore North GBR,14,,,Lizard,14:00,4,-14.6980975,145.445447,ONLI_FL1S,Offshore North GBR,Lizard,Flank1,Shallow,,Zoe Meziere,30,10,2021,Taxon1,30/10/21,,pop29,,,
Spis_ONLI_456_Spis_ONLI_456,Spis_ONLI_456,Offshore North GBR,15,,,Lizard,14:00,4,-14.6980975,145.445447,ONLI_FL1S,Offshore North GBR,Lizard,Flank1,Shallow,,Zoe Meziere,30,10,2021,Taxon1,30/10/21,,pop29,,,
Spis_ONLI_465_Spis_ONLI_465,Spis_ONLI_465,Offshore North GBR,9,,,Lizard,9:30,5,-14.649439,145.492935,ONLI_FR2S,Offshore North GBR,Lizard,Front2,Shallow,,Zoe Meziere,31,10,2021,Taxon1,31/10/21,,pop34,,,
Spis_ONLI_467_Spis_ONLI_467,Spis_ONLI_467,Offshore North GBR,10,,,Lizard,9:30,5,-14.649439,145.492935,ONLI_FR2S,Offshore North GBR,Lizard,Front2,Shallow,,Zoe Meziere,31,10,2021,Taxon1,31/10/21,,pop34,,,
Spis_ONLI_468_Spis_ONLI_468,Spis_ONLI_468,Offshore North GBR,14,,,Lizard,9:30,5,-14.649439,145.492935,ONLI_FR2S,Offshore North GBR,Lizard,Front2,Shallow,,Zoe Meziere,31,10,2021,Taxon1,31/10/21,,pop34,,,
Spis_ONLI_484_Spis_ONLI_484,Spis_ONLI_484,Offshore North GBR,9,,,Lizard,13:00,5,-14.667794,145.441894,ONLI_BA2S,Offshore North GBR,Lizard,Back2,Shallow,,Zoe Meziere,31,10,2021,Taxon1,31/10/21,,pop32,,,
Spis_ONLI_486_Spis_ONLI_486,Spis_ONLI_486,Offshore North GBR,12,,,Lizard,13:00,5,-14.667794,145.441894,ONLI_BA2S,Offshore North GBR,Lizard,Back2,Shallow,,Zoe Meziere,31,10,2021,Taxon1,31/10/21,,pop32,,,
Spis_ONLI_488_Spis_ONLI_488,Spis_ONLI_488,Offshore North GBR,15,,,Lizard,13:00,5,-14.667794,145.441894,ONLI_BA2S,Offshore North GBR,Lizard,Back2,Shallow,,Zoe Meziere,31,10,2021,Taxon1,31/10/21,,pop32,,,
Spis_ONLI_489_Spis_ONLI_489,Spis_ONLI_489,Offshore North GBR,2,,,Lizard,10:00,5,-14.6877065,145.465276,ONLI_LA1S,Offshore North GBR,Lizard,Lagoon1,Shallow,,Zoe Meziere,1,11,2021,Taxon1,1/11/21,,pop31,,,
Spis_ONLI_490_Spis_ONLI_490,Spis_ONLI_490,Offshore North GBR,7,,,Lizard,10:00,5,-14.6877065,145.465276,ONLI_LA1S,Offshore North GBR,Lizard,Lagoon1,Shallow,,Zoe Meziere,1,11,2021,Taxon1,1/11/21,,pop31,,,
Spis_ONLI_491_Spis_ONLI_491,Spis_ONLI_491,Offshore North GBR,11,,,Lizard,10:00,5,-14.6877065,145.465276,ONLI_LA1S,Offshore North GBR,Lizard,Lagoon1,Shallow,,Zoe Meziere,1,11,2021,Taxon1,1/11/21,,pop31,,,
Spis_ONLI_493_Spis_ONLI_493,Spis_ONLI_493,Offshore North GBR,3,,,Lizard,10:00,5,-14.6877065,145.465276,ONLI_LA1S,Offshore North GBR,Lizard,Lagoon1,Shallow,,Zoe Meziere,1,11,2021,Taxon1,1/11/21,,pop31,,,
Spis_ONLI_494_Spis_ONLI_494,Spis_ONLI_494,Offshore North GBR,9,,,Lizard,10:00,5,-14.6877065,145.465276,ONLI_LA1S,Offshore North GBR,Lizard,Lagoon1,Shallow,,Zoe Meziere,1,11,2021,Taxon1,1/11/21,,pop31,,,
Spis_ONLI_792_Spis_ONLI_792,Spis_ONLI_792,Offshore North GBR,21,,,Lizard,16:00,5,-14.6912735,145.4693795,ONLI_FR1S,Offshore North GBR,Lizard,Front1,Shallow,2,Cynthia Riginos,6,3,2022,Taxon1,6/3/22,,pop30,,,
Spis_ONLI_793_Spis_ONLI_793,Spis_ONLI_793,Offshore North GBR,25,Spis26_P3,,Lizard,16:00,5,-14.6912735,145.4693795,ONLI_FR1S,Offshore North GBR,Lizard,Front1,Shallow,3,Cynthia Riginos,6,3,2022,Taxon1,6/3/22,,pop30,,,
Spis_ONLI_798_Spis_ONLI_798,Spis_ONLI_798,Offshore North GBR,23,Spis_37_P2,,Lizard,9:00,7,-14.6912735,145.4693795,ONLI_FR1S,Offshore North GBR,Lizard,Front1,Shallow,2,Cynthia Riginos,7,3,2022,Taxon1,7/3/22,,pop30,,,
Spis_ONLI_804_Spis_ONLI_804,Spis_ONLI_804,Offshore North GBR,11,Spis_39_P1,,Lizard,15:00,4,-14.667794,145.441894,ONLI_BA2S,Offshore North GBR,Lizard,Back2,Shallow,1,Cynthia Riginos,7,3,2022,Taxon1,7/3/22,,pop32,,,
Spis_ONLI_805_Spis_ONLI_805,Spis_ONLI_805,Offshore North GBR,10,,,Lizard,15:00,4,-14.667794,145.441894,ONLI_BA2S,Offshore North GBR,Lizard,Back2,Shallow,2,Cynthia Riginos,7,3,2022,Taxon1,7/3/22,,pop32,,,
Spis_ONLI_807_Spis_ONLI_807,Spis_ONLI_807,Offshore North GBR,4,Spis_57_P4,,Lizard,15:00,4,-14.667794,145.441894,ONLI_BA2S,Offshore North GBR,Lizard,Back2,Shallow,4,Cynthia Riginos,7,3,2022,Taxon1,7/3/22,,pop32,,,
Spis_ONLI_810_Spis_ONLI_810,Spis_ONLI_810,Offshore North GBR,12,Spis_65_P1,,Lizard,9:00,7,-14.650714,145.450096,ONLI_BA1S,Offshore North GBR,Lizard,Back1,Shallow,1,Cynthia Riginos,8,3,2022,Taxon1,8/3/22,,pop33,,,
Spis_ONLI_814_Spis_ONLI_814,Spis_ONLI_814,Offshore North GBR,15,Spis_36_P3,,Lizard,9:00,7,-14.650714,145.450096,ONLI_BA1S,Offshore North GBR,Lizard,Back1,Shallow,3,Cynthia Riginos,8,3,2022,Taxon1,8/3/22,,pop33,,,
Spis_ONLI_815_Spis_ONLI_815,Spis_ONLI_815,Offshore North GBR,20,Spis_2_P3,,Lizard,9:00,7,-14.650714,145.450096,ONLI_BA1S,Offshore North GBR,Lizard,Back1,Shallow,3,Cynthia Riginos,8,3,2022,Taxon1,8/3/22,,pop33,,,
Spis_ONLI_817_Spis_ONLI_817,Spis_ONLI_817,Offshore North GBR,1,Spis_54_P1,,Lizard,15:00,7,-14.649439,145.492935,ONLI_FR2S,Offshore North GBR,Lizard,Front2,Shallow,1,Cynthia Riginos,8,3,2022,Taxon1,8/3/22,,pop34,,,
Spis_ONLI_820_Spis_ONLI_820,Spis_ONLI_820,Offshore North GBR,8,Spis_12_P2,,Lizard,15:00,7,-14.649439,145.492935,ONLI_FR2S,Offshore North GBR,Lizard,Front2,Shallow,2,Cynthia Riginos,8,3,2022,Taxon1,8/3/22,,pop34,,,
Spis_ONLI_822_Spis_ONLI_822,Spis_ONLI_822,Offshore North GBR,23,Spis_21_P4,,Lizard,15:00,7,-14.649439,145.492935,ONLI_FR2S,Offshore North GBR,Lizard,Front2,Shallow,4,Cynthia Riginos,8,3,2022,Taxon1,8/3/22,,pop34,,,
Spis_ONLI_823_Spis_ONLI_823,Spis_ONLI_823,Offshore North GBR,24,Spis_56_P3,,Lizard,15:00,7,-14.649439,145.492935,ONLI_FR2S,Offshore North GBR,Lizard,Front2,Shallow,3,Cynthia Riginos,8,3,2022,Taxon1,8/3/22,,pop34,,,
Spis_ONMO_327_Spis_ONMO_327,Spis_ONMO_327,Offshore North GBR,5,,,Moore,9:00,12,-16.872083,146.2536695,ONMO_FR1D,Offshore North GBR,Moore,Front1,Deep,,Zoe Meziere,25,10,2021,Taxon1,25/10/21,,pop26,,,
Spis_ONMO_328_Spis_ONMO_328,Spis_ONMO_328,Offshore North GBR,12,,,Moore,9:00,12,-16.872083,146.2536695,ONMO_FR1D,Offshore North GBR,Moore,Front1,Deep,,Zoe Meziere,25,10,2021,Taxon1,25/10/21,,pop26,,,
Spis_ONMO_333_Spis_ONMO_333,Spis_ONMO_333,Offshore North GBR,11,,,Moore,9:00,12,-16.872083,146.2536695,ONMO_FR1D,Offshore North GBR,Moore,Front1,Deep,,Zoe Meziere,25,10,2021,Taxon1,25/10/21,,pop26,,,
Spis_ONMO_334_Spis_ONMO_334,Spis_ONMO_334,Offshore North GBR,3,,,Moore,9:00,12,-16.872083,146.2536695,ONMO_FR1D,Offshore North GBR,Moore,Front1,Deep,,Zoe Meziere,25,10,2021,Taxon1,25/10/21,,pop26,,,
Spis_ONMO_342_Spis_ONMO_342,Spis_ONMO_342,Offshore North GBR,1,,,Moore,14:00,5,-16.872041,146.2536145,ONMO_FR1S,Offshore North GBR,Moore,Front1,Shallow,,Zoe Meziere,25,10,2021,Taxon1,25/10/21,,pop26,,,
Spis_ONMO_347_Spis_ONMO_347,Spis_ONMO_347,Offshore North GBR,2,,,Moore,9:00,13,-16.8830355,146.244797,ONMO_FR2D,Offshore North GBR,Moore,Front2,Deep,,Zoe Meziere,26,10,2021,Taxon1,26/10/21,,pop24,,,
Spis_ONMO_348_Spis_ONMO_348,Spis_ONMO_348,Offshore North GBR,1,,,Moore,9:00,13,-16.8830355,146.244797,ONMO_FR2D,Offshore North GBR,Moore,Front2,Deep,,Zoe Meziere,26,10,2021,Taxon1,26/10/21,,pop24,,,
Spis_ONMO_349_Spis_ONMO_349,Spis_ONMO_349,Offshore North GBR,7,,,Moore,9:00,13,-16.8830355,146.244797,ONMO_FR2D,Offshore North GBR,Moore,Front2,Deep,,Zoe Meziere,26,10,2021,Taxon1,26/10/21,,pop24,,,
Spis_ONMO_350_Spis_ONMO_350,Spis_ONMO_350,Offshore North GBR,11,,,Moore,9:00,13,-16.8830355,146.244797,ONMO_FR2D,Offshore North GBR,Moore,Front2,Deep,,Zoe Meziere,26,10,2021,Taxon1,26/10/21,,pop24,,,
Spis_ONMO_351_Spis_ONMO_351,Spis_ONMO_351,Offshore North GBR,6,,,Moore,9:00,13,-16.8830355,146.244797,ONMO_FR2D,Offshore North GBR,Moore,Front2,Deep,,Zoe Meziere,26,10,2021,Taxon1,26/10/21,,pop24,,,
Spis_ONMO_360_Spis_ONMO_360,Spis_ONMO_360,Offshore North GBR,12,,,Moore,14:30,5,-16.882674,146.244602,ONMO_FR2S,Offshore North GBR,Moore,Front2,Shallow,,Zoe Meziere,26,10,2021,Taxon1,26/10/21,,pop24,,,
Spis_ONMO_362_Spis_ONMO_362,Spis_ONMO_362,Offshore North GBR,8,,,Moore,14:30,5,-16.882674,146.244602,ONMO_FR2S,Offshore North GBR,Moore,Front2,Shallow,,Zoe Meziere,26,10,2021,Taxon1,26/10/21,,pop24,,,
Spis_ONMO_363_Spis_ONMO_363,Spis_ONMO_363,Offshore North GBR,2,,,Moore,14:30,5,-16.882674,146.244602,ONMO_FR2S,Offshore North GBR,Moore,Front2,Shallow,,Zoe Meziere,26,10,2021,Taxon1,26/10/21,,pop24,,,
Spis_ONMO_364_Spis_ONMO_364,Spis_ONMO_364,Offshore North GBR,15,,,Moore,14:30,5,-16.882674,146.244602,ONMO_FR2S,Offshore North GBR,Moore,Front2,Shallow,,Zoe Meziere,26,10,2021,Taxon1,26/10/21,,pop24,,,
Spis_ONMO_381_Spis_ONMO_381,Spis_ONMO_381,Offshore North GBR,6,,,Moore,14:00,5,-16.859841,146.2256785,ONMO_LA1S,Offshore North GBR,Moore,Lagoon1,Shallow,,Zoe Meziere,27,10,2021,Taxon1,27/10/21,,pop27,,,
Spis_ONMO_382_Spis_ONMO_382,Spis_ONMO_382,Offshore North GBR,4,,,Moore,14:00,5,-16.859841,146.2256785,ONMO_LA1S,Offshore North GBR,Moore,Lagoon1,Shallow,,Zoe Meziere,27,10,2021,Taxon1,27/10/21,,pop27,,,
Spis_ONMO_383_Spis_ONMO_383,Spis_ONMO_383,Offshore North GBR,11,,,Moore,14:00,5,-16.859841,146.2256785,ONMO_LA1S,Offshore North GBR,Moore,Lagoon1,Shallow,,Zoe Meziere,27,10,2021,Taxon1,27/10/21,,pop27,,,
Spis_ONMO_385_Spis_ONMO_385,Spis_ONMO_385,Offshore North GBR,8,,,Moore,14:00,5,-16.859841,146.2256785,ONMO_LA1S,Offshore North GBR,Moore,Lagoon1,Shallow,,Zoe Meziere,27,10,2021,Taxon1,27/10/21,,pop27,,,
Spis_ONMO_386_Spis_ONMO_386,Spis_ONMO_386,Offshore North GBR,15,,,Moore,14:00,5,-16.859841,146.2256785,ONMO_LA1S,Offshore North GBR,Moore,Lagoon1,Shallow,,Zoe Meziere,27,10,2021,Taxon1,27/10/21,,pop27,,,
Spis_ONMO_393_Spis_ONMO_393,Spis_ONMO_393,Offshore North GBR,5,,,Moore,9:30,10,-16.8599245,146.2257455,ONMO_LA1D,Offshore North GBR,Moore,Lagoon1,Deep,,Zoe Meziere,28,10,2021,Taxon1,28/10/21,,pop27,,,
Spis_ONMO_394_Spis_ONMO_394,Spis_ONMO_394,Offshore North GBR,7,,,Moore,9:30,10,-16.8599245,146.2257455,ONMO_LA1D,Offshore North GBR,Moore,Lagoon1,Deep,,Zoe Meziere,28,10,2021,Taxon1,28/10/21,,pop27,,,
Spis_ONMO_395_Spis_ONMO_395,Spis_ONMO_395,Offshore North GBR,15,,,Moore,9:30,10,-16.8599245,146.2257455,ONMO_LA1D,Offshore North GBR,Moore,Lagoon1,Deep,,Zoe Meziere,28,10,2021,Taxon1,28/10/21,,pop27,,,
Spis_ONMO_396_Spis_ONMO_396,Spis_ONMO_396,Offshore North GBR,6,,,Moore,9:30,10,-16.8599245,146.2257455,ONMO_LA1D,Offshore North GBR,Moore,Lagoon1,Deep,,Zoe Meziere,28,10,2021,Taxon1,28/10/21,,pop27,,,
Spis_ONMO_403_Spis_ONMO_403,Spis_ONMO_403,Offshore North GBR,10,,,Moore,14:00,12,-16.8471725,146.2174315,ONMO_BA1D,Offshore North GBR,Moore,Back1,Deep,,Zoe Meziere,28,10,2021,Taxon1,28/10/21,,pop28,,,
Spis_ONMO_404_Spis_ONMO_404,Spis_ONMO_404,Offshore North GBR,9,,,Moore,14:00,12,-16.8471725,146.2174315,ONMO_BA1D,Offshore North GBR,Moore,Back1,Deep,,Zoe Meziere,28,10,2021,Taxon1,28/10/21,,pop28,,,
Spis_ONMO_408_Spis_ONMO_408,Spis_ONMO_408,Offshore North GBR,14,,,Moore,14:00,12,-16.8471725,146.2174315,ONMO_BA1D,Offshore North GBR,Moore,Back1,Deep,,Zoe Meziere,28,10,2021,Taxon1,28/10/21,,pop28,,,
Spis_ONMO_410_Spis_ONMO_410,Spis_ONMO_410,Offshore North GBR,3,,,Moore,14:00,12,-16.8471725,146.2174315,ONMO_BA1D,Offshore North GBR,Moore,Back1,Deep,,Zoe Meziere,28,10,2021,Taxon1,28/10/21,,pop28,,,
Spis_ONMO_412_Spis_ONMO_412,Spis_ONMO_412,Offshore North GBR,5,,,Moore,14:00,12,-16.8471725,146.2174315,ONMO_BA1D,Offshore North GBR,Moore,Back1,Deep,,Zoe Meziere,28,10,2021,Taxon1,28/10/21,,pop28,,,
Spis_ONMO_414_Spis_ONMO_414,Spis_ONMO_414,Offshore North GBR,6,,,Moore,10:00,10,-16.881947,146.1837795,ONMO_BA2D,Offshore North GBR,Moore,Back2,Deep,,Zoe Meziere,29,10,2021,Taxon1,29/10/21,,pop25,,,
Spis_ONMO_415_Spis_ONMO_415,Spis_ONMO_415,Offshore North GBR,5,,,Moore,10:00,10,-16.881947,146.1837795,ONMO_BA2D,Offshore North GBR,Moore,Back2,Deep,,Zoe Meziere,29,10,2021,Taxon1,29/10/21,,pop25,,,
Spis_ONMO_416_Spis_ONMO_416,Spis_ONMO_416,Offshore North GBR,15,,,Moore,10:00,10,-16.881947,146.1837795,ONMO_BA2D,Offshore North GBR,Moore,Back2,Deep,,Zoe Meziere,29,10,2021,Taxon1,29/10/21,,pop25,,,
Spis_ONMO_419_Spis_ONMO_419,Spis_ONMO_419,Offshore North GBR,14,,,Moore,10:00,10,-16.881947,146.1837795,ONMO_BA2D,Offshore North GBR,Moore,Back2,Deep,,Zoe Meziere,29,10,2021,Taxon1,29/10/21,,pop25,,,
Spis_ONMO_421_Spis_ONMO_421,Spis_ONMO_421,Offshore North GBR,2,,,Moore,10:00,10,-16.881947,146.1837795,ONMO_BA2D,Offshore North GBR,Moore,Back2,Deep,,Zoe Meziere,29,10,2021,Taxon1,29/10/21,,pop25,,,
Spis_ONMO_427_Spis_ONMO_427,Spis_ONMO_427,Offshore North GBR,9,,,Moore,14:30,5,-16.8820015,146.183993,ONMO_BA2S,Offshore North GBR,Moore,Back2,Shallow,,Zoe Meziere,29,10,2021,Taxon1,29/10/21,,pop25,,,
Spis_PAOR_545_Spis_PAOR_545,Spis_PAOR_545,Inshore Central GBR,15,,,Pelorus,10:30,12,-18.57151,146.49538,PAOR_FL1D,Inshore Central GBR,Pelorus,Flank1,Deep,,Zoe Meziere,13,1,2022,Taxon1,13/1/22,,pop20,,,
Spis_PAOR_548_Spis_PAOR_548,Spis_PAOR_548,Inshore Central GBR,5,,,Pelorus,10:30,12,-18.57151,146.49538,PAOR_FL1D,Inshore Central GBR,Pelorus,Flank1,Deep,,Zoe Meziere,13,1,2022,Taxon1,13/1/22,,pop20,,,
Spis_PAOR_550_Spis_PAOR_550,Spis_PAOR_550,Inshore Central GBR,4,,,Pelorus,10:30,12,-18.57151,146.49538,PAOR_FL1D,Inshore Central GBR,Pelorus,Flank1,Deep,,Zoe Meziere,13,1,2022,Taxon1,13/1/22,,pop20,,,
Spis_PAOR_551_Spis_PAOR_551,Spis_PAOR_551,Inshore Central GBR,11,,,Pelorus,10:30,12,-18.57151,146.49538,PAOR_FL1D,Inshore Central GBR,Pelorus,Flank1,Deep,,Zoe Meziere,13,1,2022,Taxon1,13/1/22,,pop20,,,
Spis_PAPE_528_Spis_PAPE_528,Spis_PAPE_528,Inshore Central GBR,14,,,Pelorus,10:00,13,-18.53935,146.4995,PAPE_FR1D,Inshore Central GBR,Pelorus,Front1,Deep,,Zoe Meziere,11,1,2022,Taxon1,11/1/22,,pop23,,,
Spis_PAPE_529_Spis_PAPE_529,Spis_PAPE_529,Inshore Central GBR,8,,,Pelorus,10:00,13,-18.53935,146.4995,PAPE_FR1D,Inshore Central GBR,Pelorus,Front1,Deep,,Zoe Meziere,11,1,2022,Taxon1,11/1/22,,pop23,,,
Spis_PAPE_530_Spis_PAPE_530,Spis_PAPE_530,Inshore Central GBR,5,,,Pelorus,10:00,13,-18.53935,146.4995,PAPE_FR1D,Inshore Central GBR,Pelorus,Front1,Deep,,Zoe Meziere,11,1,2022,Taxon1,11/1/22,,pop23,,,
Spis_PAPE_531_Spis_PAPE_531,Spis_PAPE_531,Inshore Central GBR,10,,,Pelorus,10:00,13,-18.53935,146.4995,PAPE_FR1D,Inshore Central GBR,Pelorus,Front1,Deep,,Zoe Meziere,11,1,2022,Taxon1,11/1/22,,pop23,,,
Spis_PAPE_532_Spis_PAPE_532,Spis_PAPE_532,Inshore Central GBR,13,,,Pelorus,10:00,13,-18.53935,146.4995,PAPE_FR1D,Inshore Central GBR,Pelorus,Front1,Deep,,Zoe Meziere,11,1,2022,Taxon1,11/1/22,,pop23,,,
Spis_PAPE_533_Spis_PAPE_533,Spis_PAPE_533,Inshore Central GBR,11,,,Pelorus,10:00,13,-18.53935,146.4995,PAPE_FR1D,Inshore Central GBR,Pelorus,Front1,Deep,,Zoe Meziere,11,1,2022,Taxon1,11/1/22,,pop23,,,
Spis_PAPE_535_Spis_PAPE_535,Spis_PAPE_535,Inshore Central GBR,15,,,Pelorus,10:00,13,-18.53935,146.4995,PAPE_FR1D,Inshore Central GBR,Pelorus,Front1,Deep,,Zoe Meziere,11,1,2022,Taxon1,11/1/22,,pop23,,,
Spis_PAPE_538_Spis_PAPE_538,Spis_PAPE_538,Inshore Central GBR,4,,,Pelorus,10:00,13,-18.53935,146.4995,PAPE_FR1D,Inshore Central GBR,Pelorus,Front1,Deep,,Zoe Meziere,11,1,2022,Taxon1,11/1/22,,pop23,,,
Spis_PAPE_539_Spis_PAPE_539,Spis_PAPE_539,Inshore Central GBR,3,,,Pelorus,10:00,13,-18.53935,146.4995,PAPE_FR1D,Inshore Central GBR,Pelorus,Front1,Deep,,Zoe Meziere,11,1,2022,Taxon1,11/1/22,,pop23,,,
Spis_PAPE_540_Spis_PAPE_540,Spis_PAPE_540,Inshore Central GBR,1,,,Pelorus,10:00,13,-18.53935,146.4995,PAPE_FR1D,Inshore Central GBR,Pelorus,Front1,Deep,,Zoe Meziere,11,1,2022,Taxon1,11/1/22,,pop23,,,
Spis_PAPE_541_Spis_PAPE_541,Spis_PAPE_541,Inshore Central GBR,12,,,Pelorus,10:00,13,-18.55054,146.48822,PAPE_BA1D,Inshore Central GBR,Pelorus,Back1,Deep,,Zoe Meziere,12,1,2022,Taxon1,12/1/22,,pop21,,,
Spis_PAPE_542_Spis_PAPE_542,Spis_PAPE_542,Inshore Central GBR,14,,,Pelorus,10:00,13,-18.55054,146.48822,PAPE_BA1D,Inshore Central GBR,Pelorus,Back1,Deep,,Zoe Meziere,12,1,2022,Taxon1,12/1/22,,pop21,,,
Spis_PAPE_543_Spis_PAPE_543,Spis_PAPE_543,Inshore Central GBR,3,,,Pelorus,10:00,13,-18.55054,146.48822,PAPE_BA1D,Inshore Central GBR,Pelorus,Back1,Deep,,Zoe Meziere,12,1,2022,Taxon1,12/1/22,,pop21,,,
Spis_PAPE_558_Spis_PAPE_558,Spis_PAPE_558,Inshore Central GBR,1,,,Pelorus,14:00,3,-18.54103,146.48862,PAPE_BA2S,Inshore Central GBR,Pelorus,Back2,Shallow,,Zoe Meziere,13,1,2022,Taxon1,13/1/22,,pop22,,,
Spis_PAPE_562_Spis_PAPE_562,Spis_PAPE_562,Inshore Central GBR,9,,,Pelorus,14:00,3,-18.54103,146.48862,PAPE_BA2S,Inshore Central GBR,Pelorus,Back2,Shallow,,Zoe Meziere,13,1,2022,Taxon1,13/1/22,,pop22,,,
Spis_PAPE_564_Spis_PAPE_564,Spis_PAPE_564,Inshore Central GBR,11,,,Pelorus,14:00,3,-18.54103,146.48862,PAPE_BA2S,Inshore Central GBR,Pelorus,Back2,Shallow,,Zoe Meziere,13,1,2022,Taxon1,13/1/22,,pop22,,,
Spis_PAPE_566_Spis_PAPE_566,Spis_PAPE_566,Inshore Central GBR,15,,,Pelorus,15:00,12,-18.54083,146.48846,PAPE_BA2D,Inshore Central GBR,Pelorus,Back2,Deep,,Zoe Meziere,14,1,2022,Taxon1,14/1/22,,pop22,,,
