Colony,OID_,TL_id,TL_Date,TL_Class,TL_Note,Area,Plot_ID,Year,EcoSiteID
1,114,114,1/5/21,Pver,"ng, 1370,,b",0.018945102,CBHE_BA1D_P1,2021,CBHE_BA1D
2,72,69,1/5/21,Pver, ,0.003800389,CBHE_BA1S_P1,2021,CBHE_BA1S
3,26,16,1/5/21,Pver,"v, ng, 1292",0.005025489,CBHE_FR2S_P2,2021,CBHE_FR2S
4,6,7,1/5/21,Pver, ,0.002761286,CBLM_BA1S_P1,2021,CBLM_BA1S
5,142,142,1/5/21,Pver,"v, ng, 1194",0.006590971,CBLM_BA1S_P1,2021,CBLM_BA1S
6,12,12,1/5/21,Pver, ,0.001866845,CBLM_BA1S_P3,2021,CBLM_BA1S
7,27,28,1/5/21,Pver, ,0.002246037,CBLM_BA1S_P3,2021,CBLM_BA1S
8,77,78,1/5/21,Pver, ,0.002129053,CBLM_BA1S_P3,2021,CBLM_BA1S
9,81,82,1/5/21,Pver,v,0.00363814,CBLM_BA1S_P3,2021,CBLM_BA1S
10,90,91,1/5/21,Pver, ,0.003613474,CBLM_BA1S_P3,2021,CBLM_BA1S
11,97,98,1/5/21,Pver,v,0.009458815,CBLM_BA1S_P3,2021,CBLM_BA1S
12,54,56,1/5/21,Pver, ,0.003483449,CBLM_BA1S_P4,2021,CBLM_BA1S
13,85,87,1/5/21,Pver, ,0.004659859,CBLM_BA1S_P4,2021,CBLM_BA1S
14,57,57,1/5/21,Pver, ,0.002151442,CBLM_BA2S_P1,2021,CBLM_BA2S
15,103,104,1/5/21,Pver,"ng, 1203",0.001600473,CBLM_BA2S_P1,2021,CBLM_BA2S
16,83,84,1/5/21,Pver, ,0.00540356,CBLM_FL1S_P1,2021,CBLM_FL1S
17,134,134,1/5/21,Pver,v,0.017765222,CBLM_FL1S_P1,2021,CBLM_FL1S
18,67,67,1/5/21,Pver,"v, ng, 1246",0.009927975,CBLM_FL1S_P2,2021,CBLM_FL1S
19,94,94,1/5/21,Pver,"ng, 1248",0.018897638,CBLM_FL1S_P2,2021,CBLM_FL1S
20,66,66,1/5/21,Pver, ,0.002762795,CBLM_FL2S_P1,2021,CBLM_FL2S
21,133,135,1/5/21,Pver, ,0.011187893,CBLM_FL2S_P1,2021,CBLM_FL2S
22,180,183,1/5/21,Pver, ,0.004459427,CBLM_FL2S_P2,2021,CBLM_FL2S
23,334,334,1/5/21,Pver,"ng, 1270, b",0.007666576,CBLM_FL2S_P2,2021,CBLM_FL2S
24,15,94,1/5/21,Pver,"ng, 1270",0.019133825,CBLM_FL2S_P3,2021,CBLM_FL2S
25,47,29,1/5/21,Pver,"ng, 1272",0.007203232,CBLM_FL2S_P3,2021,CBLM_FL2S
26,5,5,1/5/21,Pver,"v,51",0.014398077,OCCH_BA1S_P1,2021,OCCH_BA1S
27,8,8,1/5/21,Pver, ,0.010220183,OCCH_BA1S_P1,2021,OCCH_BA1S
28,9,9,1/5/21,Pver, ,0.007446828,OCCH_BA1S_P1,2021,OCCH_BA1S
29,10,10,1/5/21,Pver,"v,34, ng, BLCH0A",0.012132821,OCCH_BA1S_P1,2021,OCCH_BA1S
30,11,11,1/5/21,Pver, ,0.008619379,OCCH_BA1S_P1,2021,OCCH_BA1S
31,12,12,1/5/21,Pver, ,0.013282254,OCCH_BA1S_P1,2021,OCCH_BA1S
32,17,20,1/5/21,Pver, ,0.004520709,OCCH_BA1S_P1,2021,OCCH_BA1S
33,34,38,1/5/21,Pver,"v,15, ng, BLCH144A",0.005756084,OCCH_BA1S_P1,2021,OCCH_BA1S
34,37,41,1/5/21,Pver, ,0.006335063,OCCH_BA1S_P1,2021,OCCH_BA1S
35,39,43,1/5/21,Pver,"v,49",0.008661545,OCCH_BA1S_P1,2021,OCCH_BA1S
36,44,49,1/5/21,Pver,"v,38, ng, BLCH142A",0.015442474,OCCH_BA1S_P1,2021,OCCH_BA1S
37,26,2,1/5/21,Pver,"v,38",0.024232469,OCCH_BA1S_P2,2021,OCCH_BA1S
38,27,19,1/5/21,Pver, ,0.005683229,OCCH_BA1S_P2,2021,OCCH_BA1S
39,28,22,1/5/21,Pver, ,0.021740577,OCCH_BA1S_P2,2021,OCCH_BA1S
40,47,45,1/5/21,Pver, ,0.01598704,OCCH_BA1S_P2,2021,OCCH_BA1S
41,17,18,1/5/21,Pver,"v,25",0.015969276,OCCH_BA1S_P3,2021,OCCH_BA1S
42,18,30,1/5/21,Pver,"v,19",0.013698374,OCCH_BA1S_P3,2021,OCCH_BA1S
43,19,3,1/5/21,Pver,"v,12, ng, BLCH153A",0.028660603,OCCH_BA1S_P3,2021,OCCH_BA1S
44,20,24,1/5/21,Pver,"ng, BLCH155A",0.053711661,OCCH_BA1S_P3,2021,OCCH_BA1S
45,7,1,1/5/21,Pver,"v,10",0.018153137,OCCH_BA1S_P4,2021,OCCH_BA1S
46,8,9,1/5/21,Pver,"v,6",0.0144793,OCCH_BA1S_P4,2021,OCCH_BA1S
47,9,10,1/5/21,Pver,"v,40",0.039344609,OCCH_BA1S_P4,2021,OCCH_BA1S
48,11,12,1/5/21,Pver, ,0.007697239,OCCH_BA1S_P4,2021,OCCH_BA1S
49,22,26,1/5/21,Pver, ,0.010935998,OCCH_BA1S_P4,2021,OCCH_BA1S
50,60,51,1/5/21,Pver,"ng, BLCH159A,,bad",0.028879725,OCCH_BA1S_P4,2021,OCCH_BA1S
51,3,9,1/5/21,Pver, ,0.019512928,OCCH_BA2S_P1,2021,OCCH_BA2S
52,6,15,1/5/21,Pver,"v,29, ng, BLCH168A",0.031734884,OCCH_BA2S_P1,2021,OCCH_BA2S
53,7,2,1/5/21,Pver,"v,38, ng, BLCH160A",0.030353258,OCCH_BA2S_P1,2021,OCCH_BA2S
54,21,19,1/5/21,Pver,"v,52, ng, BLCH173A",0.021297653,OCCH_BA2S_P1,2021,OCCH_BA2S
55,43,43,1/5/21,Pver,"ng, BLCH166A,,bad",0.005234811,OCCH_BA2S_P1,2021,OCCH_BA2S
56,44,44,1/5/21,Pver,"ng, BLCH170A,,bad",0.014643369,OCCH_BA2S_P1,2021,OCCH_BA2S
57,20,30,1/5/21,Pver,"v,12",0.02215188,OCCH_BA2S_P2,2021,OCCH_BA2S
58,21,33,1/5/21,Pver,"v,16,,pm",0.033138687,OCCH_BA2S_P2,2021,OCCH_BA2S
59,22,22,1/5/21,Pver,"v,8,,bad",0.034823418,OCCH_BA2S_P2,2021,OCCH_BA2S
60,25,15,1/5/21,Pver,"v,35",0.043812449,OCCH_BA2S_P2,2021,OCCH_BA2S
61,31,36,1/5/21,Pver, ,0.028605186,OCCH_BA2S_P2,2021,OCCH_BA2S
62,41,20,1/5/21,Pver, ,0.036303992,OCCH_BA2S_P2,2021,OCCH_BA2S
63,10,10,1/5/21,Pver,"v,9",0.022222251,OCCH_BA2S_P3,2021,OCCH_BA2S
64,11,11,1/5/21,Pver,"v,13",0.014555432,OCCH_BA2S_P3,2021,OCCH_BA2S
65,17,17,1/5/21,Pver,"v,14",0.01406942,OCCH_BA2S_P3,2021,OCCH_BA2S
66,0,0,1/5/21,Pver,"v,9, ng, BLCH175A",0.029198708,OCCH_BA2S_P4,2021,OCCH_BA2S
67,1,1,1/5/21,Pver,"v,5",0.011368333,OCCH_BA2S_P4,2021,OCCH_BA2S
68,5,5,1/5/21,Pver,"v,0",0.041355244,OCCH_BA2S_P4,2021,OCCH_BA2S
69,14,10,1/5/21,Pver,"ng, BLCH177A,,bad",0.015050771,OCCH_BA2S_P4,2021,OCCH_BA2S
70,0,19,1/5/21,Pver, ,0.025929265,OCCH_FL1S_P1,2021,OCCH_FL1S
71,22,26,1/5/21,Pver,"v,7, ng, BLCH123A",0.018596484,OCCH_FL1S_P1,2021,OCCH_FL1S
72,23,28,1/5/21,Pver,"v,2, ng, BLCH124A",0.024179682,OCCH_FL1S_P1,2021,OCCH_FL1S
73,24,36,1/5/21,Pver,"v,5",0.015985431,OCCH_FL1S_P1,2021,OCCH_FL1S
74,25,21,1/5/21,Pver,"v,17, ng, BLCH128A",0.029886952,OCCH_FL1S_P1,2021,OCCH_FL1S
75,26,37,1/5/21,Pver,"v,15",0.01105836,OCCH_FL1S_P1,2021,OCCH_FL1S
76,27,18,1/5/21,Pver,"v,13, ng, BLCH133A",0.030183757,OCCH_FL1S_P1,2021,OCCH_FL1S
77,28,11,1/5/21,Pver,"v,19, ng, BLCH137A",0.038799242,OCCH_FL1S_P1,2021,OCCH_FL1S
78,29,20,1/5/21,Pver, ,0.029583551,OCCH_FL1S_P1,2021,OCCH_FL1S
79,30,38,1/5/21,Pver, ,0.018888489,OCCH_FL1S_P1,2021,OCCH_FL1S
80,0,0,1/5/21,Pver,"v,24",0.014795783,OCCH_FL1S_P2,2021,OCCH_FL1S
81,1,1,1/5/21,Pver,"v,3",0.008512436,OCCH_FL1S_P2,2021,OCCH_FL1S
82,2,2,1/5/21,Pver,"v,4",0.029966956,OCCH_FL1S_P2,2021,OCCH_FL1S
83,11,11,1/5/21,Pver,"v,7",0.062288784,OCCH_FL1S_P2,2021,OCCH_FL1S
84,14,14,1/5/21,Pver, ,0.01447896,OCCH_FL1S_P2,2021,OCCH_FL1S
85,18,19,1/5/21,Pver, ,0.023168973,OCCH_FL1S_P2,2021,OCCH_FL1S
86,22,46,1/5/21,Pver,"v,15",0.052864458,OCCH_FL1S_P3,2021,OCCH_FL1S
87,23,11,1/5/21,Pver,"v,10,,pm",0.036333792,OCCH_FL1S_P3,2021,OCCH_FL1S
88,24,12,1/5/21,Pver,"v,11",0.059406175,OCCH_FL1S_P3,2021,OCCH_FL1S
89,25,23,1/5/21,Pver, ,0.007313407,OCCH_FL1S_P3,2021,OCCH_FL1S
90,26,30,1/5/21,Pver, ,0.005327294,OCCH_FL1S_P3,2021,OCCH_FL1S
91,27,8,1/5/21,Pver, ,0.010409065,OCCH_FL1S_P3,2021,OCCH_FL1S
92,43,38,1/5/21,Pver, ,0.02041166,OCCH_FL1S_P3,2021,OCCH_FL1S
93,31,19,1/5/21,Pver,"v,4",0.022674977,OCCH_FL1S_P4,2021,OCCH_FL1S
94,32,20,1/5/21,Pver,"v,15",0.020584383,OCCH_FL1S_P4,2021,OCCH_FL1S
95,33,22,1/5/21,Pver,"v,16",0.015926128,OCCH_FL1S_P4,2021,OCCH_FL1S
96,34,24,1/5/21,Pver, ,0.0324353,OCCH_FL1S_P4,2021,OCCH_FL1S
97,35,25,1/5/21,Pver,"v,17",0.025189526,OCCH_FL1S_P4,2021,OCCH_FL1S
98,37,28,1/5/21,Pver,"v,22",0.032928614,OCCH_FL1S_P4,2021,OCCH_FL1S
99,51,51,1/5/21,Pver, ,0.016265986,OCCH_FL1S_P4,2021,OCCH_FL1S
100,56,57,1/5/21,Pver, ,0.035647533,OCCH_FL1S_P4,2021,OCCH_FL1S
101,57,5,1/5/21,Pver, ,0.009320975,OCCH_FL1S_P4,2021,OCCH_FL1S
102,58,58,1/5/21,Pver, ,0.009774108,OCCH_FL1S_P4,2021,OCCH_FL1S
103,8,9,1/1/21,Pver,"v,9,,bad",0.008135155,OCDA_BA1D_P1,2021,OCDA_BA1D
104,5,4,1/1/21,Pver,"v,8,,bad",0.035784422,OCDA_BA1D_P2,2021,OCDA_BA1D
105,6,32,1/1/21,Pver,"v,27,,bad",0.013835712,OCDA_BA1D_P2,2021,OCDA_BA1D
106,1,1,1/1/21,Pver,"v,10",0.013815576,OCDA_BA1D_P3,2021,OCDA_BA1D
107,7,7,1/1/21,Pver,"v,6, ng, BLCH5A",0.043072949,OCDA_BA1D_P3,2021,OCDA_BA1D
108,9,10,1/1/21,Pver,"v,4,ng, BLCH7A,bad",0.01757344,OCDA_BA1D_P3,2021,OCDA_BA1D
109,14,15,1/1/21,Pver,"v,13,ng, BLCH6A,bad",0.015714558,OCDA_BA1D_P3,2021,OCDA_BA1D
110,0,2,1/1/21,Pver,"v,7,,bad",0.007754459,OCDA_BA1D_P4,2021,OCDA_BA1D
111,1,10,1/1/21,Pver,"v,8, ng, BLCH3A",0.036348287,OCDA_BA1D_P4,2021,OCDA_BA1D
112,3,0,1/1/21,Pver,"v,18,,bad",0.024648136,OCDA_BA1D_P4,2021,OCDA_BA1D
113,5,4,1/1/21,Pver,"v,7,,bad",0.020630435,OCDA_BA1D_P4,2021,OCDA_BA1D
114,0,7,1/1/21,Pver,"v,10,,bad",0.011318706,OCDA_BA1S_P1,2021,OCDA_BA1S
115,2,35,1/1/21,Pver,"v,9,,bad",0.030544963,OCDA_BA1S_P1,2021,OCDA_BA1S
116,6,4,1/1/21,Pver,"v,8,,bad",0.010702994,OCDA_BA1S_P1,2021,OCDA_BA1S
117,8,15,1/1/21,Pver,"v,18",0.030904664,OCDA_BA1S_P1,2021,OCDA_BA1S
118,21,12,1/1/21,Pver,"v,11",0.049331129,OCDA_BA1S_P1,2021,OCDA_BA1S
119,24,34,1/1/21,Pver,"v,12",0.034815591,OCDA_BA1S_P1,2021,OCDA_BA1S
120,28,25,1/1/21,Pver,"v,13,,bad",0.00433448,OCDA_BA1S_P1,2021,OCDA_BA1S
121,29,1,1/1/21,Pver, ,0.040416125,OCDA_BA1S_P1,2021,OCDA_BA1S
122,35,19,1/1/21,Pver,"v,19,ng, BLCH8A,bad",0.01911635,OCDA_BA1S_P1,2021,OCDA_BA1S
123,21,9,1/1/21,Pver,"v,49",0.010656065,OCDA_BA1S_P2,2021,OCDA_BA1S
124,3,46,1/1/21,Pver,"v,42",0.011739583,OCDA_BA1S_P3,2021,OCDA_BA1S
125,6,52,1/1/21,Pver, ,0.010731348,OCDA_BA1S_P3,2021,OCDA_BA1S
126,9,48,1/1/21,Pver,"v,41, ng, BLCH18A",0.023960821,OCDA_BA1S_P3,2021,OCDA_BA1S
127,13,5,1/1/21,Pver,"v,45",0.02862797,OCDA_BA1S_P3,2021,OCDA_BA1S
128,14,8,1/1/21,Pver,"v,44",0.015483073,OCDA_BA1S_P3,2021,OCDA_BA1S
129,20,71,1/1/21,Pver, ,0.037925587,OCDA_BA1S_P3,2021,OCDA_BA1S
130,27,66,1/1/21,Pver,"v,12",0.026942475,OCDA_BA1S_P3,2021,OCDA_BA1S
131,28,64,1/1/21,Pver, ,0.007442349,OCDA_BA1S_P3,2021,OCDA_BA1S
132,32,33,1/1/21,Pver,"v,23",0.00474781,OCDA_BA1S_P3,2021,OCDA_BA1S
133,33,34,1/1/21,Pver,"v,24",0.004344646,OCDA_BA1S_P3,2021,OCDA_BA1S
134,39,14,1/1/21,Pver, ,0.005158048,OCDA_BA1S_P3,2021,OCDA_BA1S
135,11,11,1/1/21,Pver, ,0.049940448,OCDA_BA2D_P1,2021,OCDA_BA2D
136,42,42,1/1/21,Pver, ,0.017784321,OCDA_BA2D_P1,2021,OCDA_BA2D
137,43,43,1/1/21,Pver, ,0.015320691,OCDA_BA2D_P1,2021,OCDA_BA2D
138,7,10,1/1/21,Pver,"v,24",0.021270797,OCDA_BA2D_P3,2021,OCDA_BA2D
139,13,16,1/1/21,Pver, ,0.006457331,OCDA_BA2D_P3,2021,OCDA_BA2D
140,16,20,1/1/21,Pver, ,0.010011399,OCDA_BA2D_P3,2021,OCDA_BA2D
141,10,16,1/1/21,Pver,"v,10",0.021782907,OCDA_BA2S_P1,2021,OCDA_BA2S
142,13,19,1/1/21,Pver,"ng, BLCH53A",0.018295347,OCDA_BA2S_P1,2021,OCDA_BA2S
143,14,20,1/1/21,Pver,"v,31",0.021602306,OCDA_BA2S_P1,2021,OCDA_BA2S
144,25,31,1/1/21,Pver, ,0.003285002,OCDA_BA2S_P1,2021,OCDA_BA2S
145,39,47,1/1/21,Pver, ,0.012852982,OCDA_BA2S_P1,2021,OCDA_BA2S
146,40,48,1/1/21,Pver, ,0.014551188,OCDA_BA2S_P1,2021,OCDA_BA2S
147,50,32,1/1/21,Pver,"v,9",0.033651696,OCDA_BA2S_P1,2021,OCDA_BA2S
148,68,55,1/1/21,Pver,"ng, BLCH54A,,bad",0.017748213,OCDA_BA2S_P1,2021,OCDA_BA2S
149,70,57,1/1/21,Pver,"ng, BLCH57A,,bad",0.012845173,OCDA_BA2S_P1,2021,OCDA_BA2S
150,3,3,1/1/21,Pver,"v,38",0.011576448,OCDA_BA2S_P2,2021,OCDA_BA2S
151,5,5,1/1/21,Pver,"v,29",0.012987627,OCDA_BA2S_P2,2021,OCDA_BA2S
152,12,12,1/1/21,Pver,"v,43",0.03934509,OCDA_BA2S_P2,2021,OCDA_BA2S
153,14,14,1/1/21,Pver, ,0.008110467,OCDA_BA2S_P2,2021,OCDA_BA2S
154,16,16,1/1/21,Pver, ,0.00346252,OCDA_BA2S_P2,2021,OCDA_BA2S
155,19,19,1/1/21,Pver, ,0.02953273,OCDA_BA2S_P2,2021,OCDA_BA2S
156,21,21,1/1/21,Pver, ,0.008711113,OCDA_BA2S_P2,2021,OCDA_BA2S
157,10,10,1/1/21,Pver,"v,19",0.010489942,OCDA_BA2S_P3,2021,OCDA_BA2S
158,14,14,1/1/21,Pver, ,0.006726627,OCDA_BA2S_P3,2021,OCDA_BA2S
159,17,17,1/1/21,Pver,"v,36",0.042232415,OCDA_BA2S_P3,2021,OCDA_BA2S
160,19,19,1/1/21,Pver,"v,51",0.017599434,OCDA_BA2S_P3,2021,OCDA_BA2S
161,23,23,1/1/21,Pver, ,0.028154279,OCDA_BA2S_P3,2021,OCDA_BA2S
162,28,28,1/1/21,Pver, ,0.033249954,OCDA_BA2S_P3,2021,OCDA_BA2S
163,1,1,1/1/21,Pver,"v,29",0.021335325,OCDA_BA2S_P4,2021,OCDA_BA2S
164,15,15,1/1/21,Pver, ,0.003029138,OCDA_BA2S_P4,2021,OCDA_BA2S
165,0,0,1/1/21,Pver,"v,26",0.014231429,OCDA_FL1D_P1,2021,OCDA_FL1D
166,2,2,1/1/21,Pver,"v,6",0.041336796,OCDA_FL1D_P1,2021,OCDA_FL1D
167,3,3,1/1/21,Pver,"v,32",0.046427422,OCDA_FL1D_P1,2021,OCDA_FL1D
168,4,4,1/1/21,Pver,"v,31",0.023950668,OCDA_FL1D_P1,2021,OCDA_FL1D
169,18,18,1/1/21,Pver, ,0.014619669,OCDA_FL1D_P1,2021,OCDA_FL1D
170,0,0,1/1/21,Pver,"v,36",0.046480864,OCDA_FL1D_P2,2021,OCDA_FL1D
171,4,4,1/1/21,Pver,"v,23,,bad",0.046635769,OCDA_FL1D_P2,2021,OCDA_FL1D
172,5,5,1/1/21,Pver,"v,24,,bad",0.03106537,OCDA_FL1D_P2,2021,OCDA_FL1D
173,6,6,1/1/21,Pver, ,0.028462266,OCDA_FL1D_P2,2021,OCDA_FL1D
174,10,10,1/1/21,Pver,"v,12",0.011006107,OCDA_FL1D_P2,2021,OCDA_FL1D
175,16,16,1/1/21,Pver,"v,6",0.012579647,OCDA_FL1D_P2,2021,OCDA_FL1D
176,30,30,1/1/21,Pver, ,0.015666545,OCDA_FL1D_P2,2021,OCDA_FL1D
177,0,0,1/1/21,Pver,"v,16",0.037752722,OCDA_FL1D_P3,2021,OCDA_FL1D
178,1,1,1/1/21,Pver,"v,41,,bad",0.015974382,OCDA_FL1D_P3,2021,OCDA_FL1D
179,6,6,1/1/21,Pver,"v,14",0.020540948,OCDA_FL1D_P3,2021,OCDA_FL1D
180,12,12,1/1/21,Pver,"v,12",0.0382757,OCDA_FL1D_P4,2021,OCDA_FL1D
181,13,13,1/1/21,Pver,"v,14",0.03698624,OCDA_FL1D_P4,2021,OCDA_FL1D
182,15,15,1/1/21,Pver, ,0.056374451,OCDA_FL1D_P4,2021,OCDA_FL1D
183,0,0,1/1/21,Pver,"v,43,ng, BLCH116A",0.020152867,OCDA_FL1S_P1,2021,OCDA_FL1S
184,4,4,1/1/21,Pver,"v,45,ng, BLCH115A",0.016081154,OCDA_FL1S_P1,2021,OCDA_FL1S
185,5,5,1/1/21,Pver,"v,35",0.054792701,OCDA_FL1S_P1,2021,OCDA_FL1S
186,6,6,1/1/21,Pver,"v,30",0.038293116,OCDA_FL1S_P1,2021,OCDA_FL1S
187,14,14,1/1/21,Pver,"v,3",0.037384153,OCDA_FL1S_P1,2021,OCDA_FL1S
188,16,16,1/1/21,Pver,"v,14, ng, BLCH111A",0.010406571,OCDA_FL1S_P1,2021,OCDA_FL1S
189,19,19,1/1/21,Pver,"v,18",0.020724764,OCDA_FL1S_P1,2021,OCDA_FL1S
190,20,20,1/1/21,Pver,"v,20,,bad",0.012898581,OCDA_FL1S_P1,2021,OCDA_FL1S
191,24,24,1/1/21,Pver, ,0.019296375,OCDA_FL1S_P1,2021,OCDA_FL1S
192,26,26,1/1/21,Pver, ,0.015107258,OCDA_FL1S_P1,2021,OCDA_FL1S
193,31,31,1/1/21,Pver, ,0.011614482,OCDA_FL1S_P1,2021,OCDA_FL1S
194,49,49,1/1/21,Pver, ,0.0383969,OCDA_FL1S_P1,2021,OCDA_FL1S
195,10,10,1/1/21,Pver, ,0.019167623,OCDA_FL1S_P2,2021,OCDA_FL1S
196,0,0,1/1/21,Pver,"v,20",0.034581953,OCDA_FL1S_P3,2021,OCDA_FL1S
197,2,2,1/1/21,Pver,"v,23",0.014853827,OCDA_FL1S_P3,2021,OCDA_FL1S
198,6,7,1/1/21,Pver, ,0.010217844,OCDA_FL1S_P3,2021,OCDA_FL1S
199,9,10,1/1/21,Pver, ,0.02123641,OCDA_FL1S_P3,2021,OCDA_FL1S
200,11,12,1/1/21,Pver, ,0.073556707,OCDA_FL1S_P3,2021,OCDA_FL1S
201,13,14,1/1/21,Pver, ,0.050216999,OCDA_FL1S_P3,2021,OCDA_FL1S
202,15,16,1/1/21,Pver, ,0.022528875,OCDA_FL1S_P3,2021,OCDA_FL1S
203,20,22,1/1/21,Pver, ,0.014277823,OCDA_FL1S_P3,2021,OCDA_FL1S
204,21,23,1/1/21,Pver, ,0.012989104,OCDA_FL1S_P3,2021,OCDA_FL1S
205,26,28,1/1/21,Pver, ,0.015614398,OCDA_FL1S_P3,2021,OCDA_FL1S
206,28,30,1/1/21,Pver,"v,16",0.028798467,OCDA_FL1S_P3,2021,OCDA_FL1S
207,30,5,1/1/21,Pver,"v,21",0.033197332,OCDA_FL1S_P3,2021,OCDA_FL1S
208,0,0,1/1/21,Pver, ,0.013627829,OCDA_FL1S_P4,2021,OCDA_FL1S
209,43,45,1/1/21,Pver, ,0.011606526,OCDA_FL1S_P4,2021,OCDA_FL1S
210,57,58,1/1/21,Pver, ,0.007045106,OCDA_FL1S_P4,2021,OCDA_FL1S
211,1,1,1/1/21,Pver,"v,8, ng, BLCH34A",0.019990498,OCDA_FR1D_P1,2021,OCDA_FR1D
212,12,13,1/1/21,Pver,"v,14, ng, BLCH37A",0.030577764,OCDA_FR1D_P1,2021,OCDA_FR1D
213,16,17,1/1/21,Pver,"v,17",0.037060161,OCDA_FR1D_P1,2021,OCDA_FR1D
214,22,23,1/1/21,Pver, ,0.013630311,OCDA_FR1D_P1,2021,OCDA_FR1D
215,25,26,1/1/21,Pver, ,0.015435687,OCDA_FR1D_P1,2021,OCDA_FR1D
216,26,27,1/1/21,Pver, ,0.026438929,OCDA_FR1D_P1,2021,OCDA_FR1D
217,38,39,1/1/21,Pver, ,0.020575654,OCDA_FR1D_P1,2021,OCDA_FR1D
218,41,42,1/1/21,Pver, ,0.044449903,OCDA_FR1D_P1,2021,OCDA_FR1D
219,55,44,1/1/21,Pver, ,0.032814155,OCDA_FR1D_P1,2021,OCDA_FR1D
220,2,2,1/1/21,Pver, ,0.050792231,OCDA_FR1D_P2,2021,OCDA_FR1D
221,7,7,1/1/21,Pver, ,0.013695883,OCDA_FR1D_P2,2021,OCDA_FR1D
222,19,19,1/1/21,Pver, ,0.04155607,OCDA_FR1D_P2,2021,OCDA_FR1D
223,0,0,1/1/21,Pver,"v,39",0.02716543,OCDA_FR1D_P3,2021,OCDA_FR1D
224,2,2,1/1/21,Pver, ,0.028031383,OCDA_FR1D_P3,2021,OCDA_FR1D
225,10,10,1/1/21,Pver, ,0.011252739,OCDA_FR1D_P3,2021,OCDA_FR1D
226,12,12,1/1/21,Pver, ,0.009479903,OCDA_FR1D_P3,2021,OCDA_FR1D
227,22,23,1/1/21,Pver, ,0.021500297,OCDA_FR1D_P3,2021,OCDA_FR1D
228,45,46,1/1/21,Pver, ,0.020553711,OCDA_FR1D_P3,2021,OCDA_FR1D
229,54,55,1/1/21,Pver,"v,21",0.046611215,OCDA_FR1D_P3,2021,OCDA_FR1D
230,55,56,1/1/21,Pver, ,0.054253433,OCDA_FR1D_P3,2021,OCDA_FR1D
231,59,60,1/1/21,Pver, ,0.012208503,OCDA_FR1D_P3,2021,OCDA_FR1D
232,63,64,1/1/21,Pver, ,0.04622771,OCDA_FR1D_P3,2021,OCDA_FR1D
233,13,13,1/1/21,Pver,"v,7",0.046547993,OCDA_FR1D_P4,2021,OCDA_FR1D
234,16,16,1/1/21,Pver, ,0.017519582,OCDA_FR1D_P4,2021,OCDA_FR1D
235,35,36,1/1/21,Pver, ,0.051080632,OCDA_FR1D_P4,2021,OCDA_FR1D
236,36,37,1/1/21,Pver,"v,43",0.018620463,OCDA_FR1D_P4,2021,OCDA_FR1D
237,39,41,1/1/21,Pver, ,0.009313001,OCDA_FR1D_P4,2021,OCDA_FR1D
238,41,43,1/1/21,Pver,"v,26",0.012096744,OCDA_FR1D_P4,2021,OCDA_FR1D
239,47,49,1/1/21,Pver, ,0.012164702,OCDA_FR1D_P4,2021,OCDA_FR1D
240,49,51,1/1/21,Pver, ,0.011090891,OCDA_FR1D_P4,2021,OCDA_FR1D
241,4,4,1/1/21,Pver,"v,27",0.028577167,OCDA_FR1S_P1,2021,OCDA_FR1S
242,6,6,1/1/21,Pver,"v,53, ng, BLCH27A",0.014101428,OCDA_FR1S_P1,2021,OCDA_FR1S
243,7,8,1/1/21,Pver,"v,19, ng, BLCH24A",0.038224645,OCDA_FR1S_P1,2021,OCDA_FR1S
244,8,10,1/1/21,Pver,"v,2",0.018976589,OCDA_FR1S_P1,2021,OCDA_FR1S
245,13,9,1/1/21,Pver,"v,14, ng, BLCH23A",0.049399794,OCDA_FR1S_P1,2021,OCDA_FR1S
246,19,22,1/1/21,Pver, ,0.009108647,OCDA_FR1S_P1,2021,OCDA_FR1S
247,29,32,1/1/21,Pver, ,0.00786143,OCDA_FR1S_P1,2021,OCDA_FR1S
248,33,35,1/1/21,Pver, ,0.029991785,OCDA_FR1S_P1,2021,OCDA_FR1S
249,41,43,1/1/21,Pver, ,0.020516249,OCDA_FR1S_P1,2021,OCDA_FR1S
250,42,44,1/1/21,Pver, ,0.010797065,OCDA_FR1S_P1,2021,OCDA_FR1S
251,52,54,1/1/21,Pver, ,0.017241825,OCDA_FR1S_P1,2021,OCDA_FR1S
252,67,7,1/1/21,Pver,"v,50,,pm",0.018590033,OCDA_FR1S_P1,2021,OCDA_FR1S
253,4,4,1/1/21,Pver,"v,10",0.024327674,OCDA_FR1S_P2,2021,OCDA_FR1S
254,6,7,1/1/21,Pver,"v,13,,bad",0.037538589,OCDA_FR1S_P2,2021,OCDA_FR1S
255,13,15,1/1/21,Pver,"v,8",0.05542321,OCDA_FR1S_P2,2021,OCDA_FR1S
256,15,17,1/1/21,Pver,"v,11",0.052263511,OCDA_FR1S_P2,2021,OCDA_FR1S
257,16,18,1/1/21,Pver,"v,21",0.028366251,OCDA_FR1S_P2,2021,OCDA_FR1S
258,17,19,1/1/21,Pver,"v,14",0.020131019,OCDA_FR1S_P2,2021,OCDA_FR1S
259,21,23,1/1/21,Pver, ,0.043974078,OCDA_FR1S_P2,2021,OCDA_FR1S
260,24,26,1/1/21,Pver,"ng, BLCH29A",0.02865928,OCDA_FR1S_P2,2021,OCDA_FR1S
261,26,27,1/1/21,Pver, ,0.008902978,OCDA_FR1S_P2,2021,OCDA_FR1S
262,30,31,1/1/21,Pver, ,0.030216416,OCDA_FR1S_P2,2021,OCDA_FR1S
263,32,33,1/1/21,Pver, ,0.02046928,OCDA_FR1S_P2,2021,OCDA_FR1S
264,33,34,1/1/21,Pver, ,0.017330203,OCDA_FR1S_P2,2021,OCDA_FR1S
265,34,35,1/1/21,Pver, ,0.022716796,OCDA_FR1S_P2,2021,OCDA_FR1S
266,37,38,1/1/21,Pver, ,0.020455928,OCDA_FR1S_P2,2021,OCDA_FR1S
267,38,39,1/1/21,Pver, ,0.02455565,OCDA_FR1S_P2,2021,OCDA_FR1S
268,39,40,1/1/21,Pver, ,0.026026791,OCDA_FR1S_P2,2021,OCDA_FR1S
269,42,43,1/1/21,Pver, ,0.012539439,OCDA_FR1S_P2,2021,OCDA_FR1S
270,46,47,1/1/21,Pver, ,0.005751249,OCDA_FR1S_P2,2021,OCDA_FR1S
271,48,49,1/1/21,Pver, ,0.008482057,OCDA_FR1S_P2,2021,OCDA_FR1S
272,55,5,1/1/21,Pver,"v,20, ng, BLCH28A",0.034050341,OCDA_FR1S_P2,2021,OCDA_FR1S
273,0,0,1/1/21,Pver,"v,45",0.035652317,OCDA_FR1S_P3,2021,OCDA_FR1S
274,4,4,1/1/21,Pver,"v,18",0.025033817,OCDA_FR1S_P3,2021,OCDA_FR1S
275,6,6,1/1/21,Pver,"v,16",0.041240001,OCDA_FR1S_P3,2021,OCDA_FR1S
276,8,8,1/1/21,Pver,"v,25",0.01080011,OCDA_FR1S_P3,2021,OCDA_FR1S
277,11,11,1/1/21,Pver,"v,9",0.026245747,OCDA_FR1S_P3,2021,OCDA_FR1S
278,12,14,1/1/21,Pver,"v,36",0.026757203,OCDA_FR1S_P3,2021,OCDA_FR1S
279,14,17,1/1/21,Pver,"v,27",0.065866944,OCDA_FR1S_P3,2021,OCDA_FR1S
280,15,18,1/1/21,Pver,"v,28",0.010912229,OCDA_FR1S_P3,2021,OCDA_FR1S
281,18,21,1/1/21,Pver, ,0.029083032,OCDA_FR1S_P3,2021,OCDA_FR1S
282,27,30,1/1/21,Pver, ,0.0243245,OCDA_FR1S_P3,2021,OCDA_FR1S
283,29,32,1/1/21,Pver, ,0.007646547,OCDA_FR1S_P3,2021,OCDA_FR1S
284,31,34,1/1/21,Pver, ,0.028139389,OCDA_FR1S_P3,2021,OCDA_FR1S
285,33,37,1/1/21,Pver, ,0.014004276,OCDA_FR1S_P3,2021,OCDA_FR1S
286,34,38,1/1/21,Pver, ,0.008504777,OCDA_FR1S_P3,2021,OCDA_FR1S
287,35,39,1/1/21,Pver, ,0.012214585,OCDA_FR1S_P3,2021,OCDA_FR1S
288,37,41,1/1/21,Pver, ,0.014548774,OCDA_FR1S_P3,2021,OCDA_FR1S
289,38,42,1/1/21,Pver, ,0.018256707,OCDA_FR1S_P3,2021,OCDA_FR1S
290,43,47,1/1/21,Pver, ,0.014781443,OCDA_FR1S_P3,2021,OCDA_FR1S
291,7,7,1/1/21,Pver,"v,16",0.023899858,OCDA_FR1S_P4,2021,OCDA_FR1S
292,12,12,1/1/21,Pver,"v,13",0.010905366,OCDA_FR1S_P4,2021,OCDA_FR1S
293,13,13,1/1/21,Pver,"v,15",0.02067265,OCDA_FR1S_P4,2021,OCDA_FR1S
294,14,14,1/1/21,Pver,"v,8",0.009277723,OCDA_FR1S_P4,2021,OCDA_FR1S
295,15,15,1/1/21,Pver,"v,9",0.037787367,OCDA_FR1S_P4,2021,OCDA_FR1S
296,17,17,1/1/21,Pver, ,0.03811628,OCDA_FR1S_P4,2021,OCDA_FR1S
297,21,21,1/1/21,Pver, ,0.018349785,OCDA_FR1S_P4,2021,OCDA_FR1S
298,26,26,1/1/21,Pver, ,0.01410824,OCDA_FR1S_P4,2021,OCDA_FR1S
299,30,30,1/1/21,Pver, ,0.024845484,OCDA_FR1S_P4,2021,OCDA_FR1S
300,32,32,1/1/21,Pver, ,0.023296042,OCDA_FR1S_P4,2021,OCDA_FR1S
301,33,33,1/1/21,Pver, ,0.024387459,OCDA_FR1S_P4,2021,OCDA_FR1S
302,34,34,1/1/21,Pver, ,0.020410452,OCDA_FR1S_P4,2021,OCDA_FR1S
303,36,36,1/1/21,Pver, ,0.016707178,OCDA_FR1S_P4,2021,OCDA_FR1S
304,37,37,1/1/21,Pver, ,0.030653452,OCDA_FR1S_P4,2021,OCDA_FR1S
305,38,38,1/1/21,Pver, ,0.015744711,OCDA_FR1S_P4,2021,OCDA_FR1S
306,39,39,1/1/21,Pver, ,0.025316435,OCDA_FR1S_P4,2021,OCDA_FR1S
307,40,42,1/1/21,Pver, ,0.017277505,OCDA_FR1S_P4,2021,OCDA_FR1S
308,41,41,1/1/21,Pver, ,0.011773421,OCDA_FR1S_P4,2021,OCDA_FR1S
309,44,46,1/1/21,Pver, ,0.039144522,OCDA_FR1S_P4,2021,OCDA_FR1S
310,0,0,1/1/21,Pver,"v,3",0.026027284,OCDA_FR2D_P1,2021,OCDA_FR2D
311,1,1,1/1/21,Pver,"v,40",0.00887109,OCDA_FR2D_P1,2021,OCDA_FR2D
312,4,4,1/1/21,Pver,"v,35",0.032544646,OCDA_FR2D_P1,2021,OCDA_FR2D
313,5,5,1/1/21,Pver,"v,38",0.017319006,OCDA_FR2D_P1,2021,OCDA_FR2D
314,6,6,1/1/21,Pver,"v,37",0.014954139,OCDA_FR2D_P1,2021,OCDA_FR2D
315,7,8,1/1/21,Pver,"v,36",0.011688266,OCDA_FR2D_P1,2021,OCDA_FR2D
316,8,7,1/1/21,Pver, ,0.018707273,OCDA_FR2D_P1,2021,OCDA_FR2D
317,12,12,1/1/21,Pver,"v,33",0.020434821,OCDA_FR2D_P1,2021,OCDA_FR2D
318,14,14,1/1/21,Pver,"v,30",0.018881836,OCDA_FR2D_P1,2021,OCDA_FR2D
319,15,15,1/1/21,Pver, ,0.022843395,OCDA_FR2D_P1,2021,OCDA_FR2D
320,18,18,1/1/21,Pver, ,0.014851053,OCDA_FR2D_P1,2021,OCDA_FR2D
321,21,21,1/1/21,Pver, ,0.021538734,OCDA_FR2D_P1,2021,OCDA_FR2D
322,23,23,1/1/21,Pver,"v,19",0.021561685,OCDA_FR2D_P1,2021,OCDA_FR2D
323,24,24,1/1/21,Pver, ,0.03886617,OCDA_FR2D_P1,2021,OCDA_FR2D
324,25,25,1/1/21,Pver, ,0.010398171,OCDA_FR2D_P1,2021,OCDA_FR2D
325,27,27,1/1/21,Pver, ,0.012061075,OCDA_FR2D_P1,2021,OCDA_FR2D
326,1,1,1/1/21,Pver,"v,23",0.030754436,OCDA_FR2D_P2,2021,OCDA_FR2D
327,4,4,1/1/21,Pver, ,0.0273762,OCDA_FR2D_P2,2021,OCDA_FR2D
328,5,5,1/1/21,Pver,"v,16",0.018177721,OCDA_FR2D_P2,2021,OCDA_FR2D
329,6,6,1/1/21,Pver,"v,49",0.018761011,OCDA_FR2D_P2,2021,OCDA_FR2D
330,7,7,1/1/21,Pver, ,0.021952566,OCDA_FR2D_P2,2021,OCDA_FR2D
331,8,8,1/1/21,Pver, ,0.049345373,OCDA_FR2D_P2,2021,OCDA_FR2D
332,9,9,1/1/21,Pver, ,0.014795683,OCDA_FR2D_P2,2021,OCDA_FR2D
333,10,10,1/1/21,Pver,"v,47",0.027155904,OCDA_FR2D_P2,2021,OCDA_FR2D
334,11,11,1/1/21,Pver,"v,15",0.030482883,OCDA_FR2D_P2,2021,OCDA_FR2D
335,13,13,1/1/21,Pver, ,0.009886331,OCDA_FR2D_P2,2021,OCDA_FR2D
336,19,20,1/1/21,Pver, ,0.015413345,OCDA_FR2D_P2,2021,OCDA_FR2D
337,21,22,1/1/21,Pver, ,0.021066177,OCDA_FR2D_P2,2021,OCDA_FR2D
338,22,24,1/1/21,Pver, ,0.022485267,OCDA_FR2D_P2,2021,OCDA_FR2D
339,23,23,1/1/21,Pver, ,0.012350803,OCDA_FR2D_P2,2021,OCDA_FR2D
340,24,25,1/1/21,Pver, ,0.018888852,OCDA_FR2D_P2,2021,OCDA_FR2D
341,25,26,1/1/21,Pver,"v,5",0.011859865,OCDA_FR2D_P2,2021,OCDA_FR2D
342,26,27,1/1/21,Pver, ,0.01931179,OCDA_FR2D_P2,2021,OCDA_FR2D
343,29,30,1/1/21,Pver,"v,12,,bad",0.015412747,OCDA_FR2D_P2,2021,OCDA_FR2D
344,31,32,1/1/21,Pver,"v,11",0.027172525,OCDA_FR2D_P2,2021,OCDA_FR2D
345,6,6,1/1/21,Pver, ,0.029823606,OCDA_FR2D_P3,2021,OCDA_FR2D
346,11,11,1/1/21,Pver,"v,10,,bad",0.037903282,OCDA_FR2D_P3,2021,OCDA_FR2D
347,13,13,1/1/21,Pver,"v,13",0.058816791,OCDA_FR2D_P3,2021,OCDA_FR2D
348,14,14,1/1/21,Pver,"v,37",0.024869031,OCDA_FR2D_P3,2021,OCDA_FR2D
349,22,22,1/1/21,Pver,"v,16",0.016178826,OCDA_FR2D_P3,2021,OCDA_FR2D
350,23,23,1/1/21,Pver,"v,21",0.034818037,OCDA_FR2D_P3,2021,OCDA_FR2D
351,25,25,1/1/21,Pver,"v,19,,bad",0.036872851,OCDA_FR2D_P3,2021,OCDA_FR2D
352,26,26,1/1/21,Pver, ,0.018186831,OCDA_FR2D_P3,2021,OCDA_FR2D
353,27,27,1/1/21,Pver,"v,20",0.047358551,OCDA_FR2D_P3,2021,OCDA_FR2D
354,4,12,1/1/21,Pver, ,0.008490366,OCDA_FR2D_P4,2021,OCDA_FR2D
355,8,18,1/1/21,Pver,"v,20",0.046313237,OCDA_FR2D_P4,2021,OCDA_FR2D
356,10,20,1/1/21,Pver, ,0.017242268,OCDA_FR2D_P4,2021,OCDA_FR2D
357,19,31,1/1/21,Pver,"v,22",0.023833996,OCDA_FR2D_P4,2021,OCDA_FR2D
358,22,8,1/1/21,Pver,"v,11",0.015458666,OCDA_FR2D_P4,2021,OCDA_FR2D
359,2,2,1/1/21,Pver, ,0.021170362,OCDA_FR2S_P1,2021,OCDA_FR2S
360,5,5,1/1/21,Pver, ,0.038178905,OCDA_FR2S_P1,2021,OCDA_FR2S
361,11,11,1/1/21,Pver, ,0.048667515,OCDA_FR2S_P1,2021,OCDA_FR2S
362,13,14,1/1/21,Pver,"v,8, ng, BLCH65A",0.024818202,OCDA_FR2S_P1,2021,OCDA_FR2S
363,14,15,1/1/21,Pver, ,0.02007735,OCDA_FR2S_P1,2021,OCDA_FR2S
364,15,16,1/1/21,Pver, ,0.025391651,OCDA_FR2S_P1,2021,OCDA_FR2S
365,16,17,1/1/21,Pver,"v,1,ng, BLCH66A",0.063758513,OCDA_FR2S_P1,2021,OCDA_FR2S
366,17,18,1/1/21,Pver,"v,5",0.040423808,OCDA_FR2S_P1,2021,OCDA_FR2S
367,24,12,1/1/21,Pver, ,0.03531109,OCDA_FR2S_P1,2021,OCDA_FR2S
368,40,27,1/1/21,Pver,"ng, BLCH59A,,bad",0.062376731,OCDA_FR2S_P1,2021,OCDA_FR2S
369,41,29,1/1/21,Pver,"v,24,ng,BLCH61A,bad",0.024939726,OCDA_FR2S_P1,2021,OCDA_FR2S
370,10,12,1/1/21,Pver, ,0.017854323,OCDA_FR2S_P2,2021,OCDA_FR2S
371,11,13,1/1/21,Pver, ,0.037384109,OCDA_FR2S_P2,2021,OCDA_FR2S
372,13,16,1/1/21,Pver, ,0.014090358,OCDA_FR2S_P2,2021,OCDA_FR2S
373,14,17,1/1/21,Pver,"ng, BLCH70A",0.016604575,OCDA_FR2S_P2,2021,OCDA_FR2S
374,16,21,1/1/21,Pver, ,0.004313041,OCDA_FR2S_P2,2021,OCDA_FR2S
375,17,22,1/1/21,Pver, ,0.028898352,OCDA_FR2S_P2,2021,OCDA_FR2S
376,18,23,1/1/21,Pver, ,0.02993041,OCDA_FR2S_P2,2021,OCDA_FR2S
377,19,25,1/1/21,Pver, ,0.013474179,OCDA_FR2S_P2,2021,OCDA_FR2S
378,21,27,1/1/21,Pver, ,0.028645698,OCDA_FR2S_P2,2021,OCDA_FR2S
379,25,32,1/1/21,Pver, ,0.043354344,OCDA_FR2S_P2,2021,OCDA_FR2S
380,26,36,1/1/21,Pver, ,0.032471954,OCDA_FR2S_P2,2021,OCDA_FR2S
381,27,37,1/1/21,Pver, ,0.020706237,OCDA_FR2S_P2,2021,OCDA_FR2S
382,28,38,1/1/21,Pver, ,0.00479825,OCDA_FR2S_P2,2021,OCDA_FR2S
383,29,39,1/1/21,Pver, ,0.023861098,OCDA_FR2S_P2,2021,OCDA_FR2S
384,30,40,1/1/21,Pver, ,0.016834517,OCDA_FR2S_P2,2021,OCDA_FR2S
385,31,41,1/1/21,Pver, ,0.023103852,OCDA_FR2S_P2,2021,OCDA_FR2S
386,35,45,1/1/21,Pver, ,0.011466637,OCDA_FR2S_P2,2021,OCDA_FR2S
387,36,46,1/1/21,Pver, ,0.038467554,OCDA_FR2S_P2,2021,OCDA_FR2S
388,38,48,1/1/21,Pver, ,0.016914258,OCDA_FR2S_P2,2021,OCDA_FR2S
389,39,50,1/1/21,Pver, ,0.020434224,OCDA_FR2S_P2,2021,OCDA_FR2S
390,53,42,1/1/21,Pver, ,0.027303924,OCDA_FR2S_P2,2021,OCDA_FR2S
391,63,49,1/1/21,Pver, ,0.050688324,OCDA_FR2S_P2,2021,OCDA_FR2S
392,68,54,1/1/21,Pver, ,0.054418765,OCDA_FR2S_P2,2021,OCDA_FR2S
393,81,8,1/1/21,Pver,"v,5",0.021682443,OCDA_FR2S_P2,2021,OCDA_FR2S
394,137,18,1/1/21,Pver, ,0.021009978,OCDA_FR2S_P2,2021,OCDA_FR2S
395,151,24,1/1/21,Pver, ,0.047163091,OCDA_FR2S_P2,2021,OCDA_FR2S
396,156,82,1/1/21,Pver,"v,4,ng,BLCH73A,bad",0.035420648,OCDA_FR2S_P2,2021,OCDA_FR2S
397,3,5,1/1/21,Pver, ,0.021883758,OCDA_FR2S_P3,2021,OCDA_FR2S
398,5,8,1/1/21,Pver, ,0.007608781,OCDA_FR2S_P3,2021,OCDA_FR2S
399,6,9,1/1/21,Pver, ,0.019981817,OCDA_FR2S_P3,2021,OCDA_FR2S
400,10,13,1/1/21,Pver,"v,9",0.036903467,OCDA_FR2S_P3,2021,OCDA_FR2S
401,25,4,1/1/21,Pver, ,0.008747687,OCDA_FR2S_P3,2021,OCDA_FR2S
402,8,8,1/1/21,Pver,"v,10",0.024899226,OCDA_FR2S_P4,2021,OCDA_FR2S
403,10,10,1/1/21,Pver,"v,11",0.025717496,OCDA_FR2S_P4,2021,OCDA_FR2S
404,11,11,1/1/21,Pver,"v,12",0.036136867,OCDA_FR2S_P4,2021,OCDA_FR2S
405,15,16,1/1/21,Pver,"v,16",0.016979448,OCDA_FR2S_P4,2021,OCDA_FR2S
406,16,17,1/1/21,Pver,"v,17",0.034491827,OCDA_FR2S_P4,2021,OCDA_FR2S
407,18,20,1/1/21,Pver, ,0.014741559,OCDA_FR2S_P4,2021,OCDA_FR2S
408,20,22,1/1/21,Pver, ,0.01942727,OCDA_FR2S_P4,2021,OCDA_FR2S
409,22,24,1/1/21,Pver, ,0.025965435,OCDA_FR2S_P4,2021,OCDA_FR2S
410,26,28,1/1/21,Pver, ,0.019594477,OCDA_FR2S_P4,2021,OCDA_FR2S
411,27,29,1/1/21,Pver, ,0.02098176,OCDA_FR2S_P4,2021,OCDA_FR2S
412,28,30,1/1/21,Pver, ,0.035508118,OCDA_FR2S_P4,2021,OCDA_FR2S
413,45,31,1/1/21,Pver, ,0.043456374,OCDA_FR2S_P4,2021,OCDA_FR2S
414,53,19,1/1/21,Pver, ,0.016637837,OCDA_FR2S_P4,2021,OCDA_FR2S
415,7,7,1/5/21,Pver, ,0.004311499,OCLB_BA1S_P1,2021,OCLB_BA1S
416,40,42,1/5/21,Pver, ,0.029059638,OCLB_BA1S_P1,2021,OCLB_BA1S
417,100,102,1/5/21,Pver,"ng, BLCH187B,,bad",0.034586737,OCLB_BA1S_P1,2021,OCLB_BA1S
418,104,104,1/5/21,Pver,"ng, BLCH189B,,bad",0.062047733,OCLB_BA1S_P1,2021,OCLB_BA1S
419,105,105,1/5/21,Pver,"ng, BLCH191B,,bad",0.05253882,OCLB_BA1S_P1,2021,OCLB_BA1S
420,106,106,1/5/21,Pver,"ng, BLCH192B,,bad",0.065170046,OCLB_BA1S_P1,2021,OCLB_BA1S
421,5,5,1/5/21,Pver, ,0.012182335,OCLB_BA1S_P2,2021,OCLB_BA1S
422,14,14,1/5/21,Pver,"v,37",0.05418462,OCLB_BA1S_P2,2021,OCLB_BA1S
423,36,37,1/5/21,Pver, ,0.00314929,OCLB_BA1S_P2,2021,OCLB_BA1S
424,2,2,1/5/21,Pver,",,,pm?",0.043288625,OCLB_BA1S_P3,2021,OCLB_BA1S
425,19,19,1/5/21,Pver,"v,11",0.064554802,OCLB_BA1S_P3,2021,OCLB_BA1S
426,6,6,1/5/21,Pver,"v,9",0.018409794,OCLB_BA1S_P4,2021,OCLB_BA1S
427,8,8,1/5/21,Pver, ,0.024669804,OCLB_BA1S_P4,2021,OCLB_BA1S
428,22,22,1/5/21,Pver, ,0.027960547,OCLB_BA1S_P4,2021,OCLB_BA1S
429,23,23,1/5/21,Pver,"v,19",0.011189098,OCLB_BA1S_P4,2021,OCLB_BA1S
430,32,32,1/5/21,Pver,"v,20",0.032482566,OCLB_BA1S_P4,2021,OCLB_BA1S
431,57,57,1/5/21,Pver, ,0.011843583,OCLB_BA1S_P4,2021,OCLB_BA1S
432,60,60,1/5/21,Pver,"v,22",0.041330651,OCLB_BA1S_P4,2021,OCLB_BA1S
433,74,74,1/5/21,Pver,"v,16",0.051114784,OCLB_BA1S_P4,2021,OCLB_BA1S
434,14,17,1/5/21,Pver, ,0.022636337,OCLB_FL1S_P1,2021,OCLB_FL1S
435,15,18,1/5/21,Pver, ,0.016085038,OCLB_FL1S_P1,2021,OCLB_FL1S
436,16,19,1/5/21,Pver, ,0.030485779,OCLB_FL1S_P1,2021,OCLB_FL1S
437,17,20,1/5/21,Pver, ,0.031991929,OCLB_FL1S_P1,2021,OCLB_FL1S
438,24,27,1/5/21,Pver,"v,0",0.035720976,OCLB_FL1S_P1,2021,OCLB_FL1S
439,25,28,1/5/21,Pver, ,0.013866349,OCLB_FL1S_P1,2021,OCLB_FL1S
440,28,31,1/5/21,Pver,"v,5",0.030525449,OCLB_FL1S_P1,2021,OCLB_FL1S
441,31,34,1/5/21,Pver, ,0.033039088,OCLB_FL1S_P1,2021,OCLB_FL1S
442,32,35,1/5/21,Pver, ,0.046221057,OCLB_FL1S_P1,2021,OCLB_FL1S
443,35,38,1/5/21,Pver, ,0.013921018,OCLB_FL1S_P1,2021,OCLB_FL1S
444,45,45,1/5/21,Pver,"v,33, ng, BLCH179A, bad",0.013617255,OCLB_FL1S_P1,2021,OCLB_FL1S
445,23,24,1/5/21,Pver, ,0.006404452,OCLB_FL1S_P2,2021,OCLB_FL1S
446,25,26,1/5/21,Pver, ,0.044706731,OCLB_FL1S_P2,2021,OCLB_FL1S
447,27,27,1/5/21,Pver,"v,12, ng, BLCH188A",0.05930252,OCLB_FL1S_P3,2021,OCLB_FL1S
448,38,38,1/5/21,Pver,"v,31,ng, BLCH189A, bad",0.105129847,OCLB_FL1S_P3,2021,OCLB_FL1S
449,23,24,1/1/21,Pver,"v,18",0.06138327,OCLB_FL1S_P4,2021,OCLB_FL1S
450,24,25,1/1/21,Pver,"v,35",0.05636343,OCLB_FL1S_P4,2021,OCLB_FL1S
451,26,27,1/1/21,Pver,"v,37",0.011465094,OCLB_FL1S_P4,2021,OCLB_FL1S
452,29,30,1/1/21,Pver, ,0.008730455,OCLB_FL1S_P4,2021,OCLB_FL1S
453,31,32,1/1/21,Pver,"v,20",0.032949036,OCLB_FL1S_P4,2021,OCLB_FL1S
454,33,34,1/1/21,Pver,"v,22",0.04534685,OCLB_FL1S_P4,2021,OCLB_FL1S
455,35,36,1/1/21,Pver, ,0.060622833,OCLB_FL1S_P4,2021,OCLB_FL1S
456,10,10,1/5/21,Pver,"v,14",0.010142063,OCLB_LA1S_P3,2021,OCLB_LA1S
457,27,1,1/9/21,Pver, ,0.037285129,ONLI_BA1D_P2,2021,ONLI_BA1D
458,31,5,1/9/21,Pver, ,0.00946274,ONLI_BA1D_P2,2021,ONLI_BA1D
459,15,59,1/9/21,Pver, ,0.011446547,ONLI_BA1D_P4,2021,ONLI_BA1D
460,16,60,1/9/21,Pver, ,0.016591837,ONLI_BA1D_P4,2021,ONLI_BA1D
461,56,17,1/9/21,Pver, ,0.004468778,ONLI_BA1D_P4,2021,ONLI_BA1D
462,75,291,1/9/21,Pver, ,0.031232879,ONLI_BA1S_P1,2021,ONLI_BA1S
463,76,20,1/9/21,Pver, ,0.012840236,ONLI_BA1S_P1,2021,ONLI_BA1S
464,77,297,1/9/21,Pver,"v, ng, 809",0.008938375,ONLI_BA1S_P1,2021,ONLI_BA1S
465,78,298,1/9/21,Pver,"v, ng, 811",0.010162984,ONLI_BA1S_P1,2021,ONLI_BA1S
466,79,300,1/9/21,Pver,v,0.017598244,ONLI_BA1S_P1,2021,ONLI_BA1S
467,80,301,1/9/21,Pver,v,0.024305286,ONLI_BA1S_P1,2021,ONLI_BA1S
468,81,302,1/9/21,Pver,v,0.006997374,ONLI_BA1S_P1,2021,ONLI_BA1S
469,82,303,1/9/21,Pver,v,0.021369454,ONLI_BA1S_P1,2021,ONLI_BA1S
470,125,59,1/9/21,Pver, ,0.001746819,ONLI_BA1S_P1,2021,ONLI_BA1S
471,34,159,1/9/21,Pver, ,0.00442681,ONLI_BA1S_P2,2021,ONLI_BA1S
472,35,160,1/9/21,Pver,"ng, 813",0.036277043,ONLI_BA1S_P2,2021,ONLI_BA1S
473,36,162,1/9/21,Pver, ,0.005943768,ONLI_BA1S_P2,2021,ONLI_BA1S
474,37,164,1/9/21,Pver, ,0.026632618,ONLI_BA1S_P2,2021,ONLI_BA1S
475,44,5,1/9/21,Pver,v,0.002853278,ONLI_BA1S_P2,2021,ONLI_BA1S
476,57,153,1/9/21,Pver, ,0.017687092,ONLI_BA1S_P2,2021,ONLI_BA1S
477,68,41,1/9/21,Pver, ,0.003999089,ONLI_BA1S_P2,2021,ONLI_BA1S
478,42,186,1/9/21,Pver,v,0.026230206,ONLI_BA2S_P1,2021,ONLI_BA2S
479,43,188,1/9/21,Pver, ,0.007536697,ONLI_BA2S_P1,2021,ONLI_BA2S
480,122,109,1/9/21,Pver, ,0.024072026,ONLI_BA2S_P1,2021,ONLI_BA2S
481,48,30,1/9/21,Pver, ,0.01763341,ONLI_BA2S_P2,2021,ONLI_BA2S
482,102,83,1/9/21,Pver,"o, ng, 806",0.012418467,ONLI_BA2S_P2,2021,ONLI_BA2S
483,69,29,1/9/21,Pver, ,0.038059656,ONLI_BA2S_P3,2021,ONLI_BA2S
484,107,251,1/9/21,Pver, ,0.024567683,ONLI_BA2S_P4,2021,ONLI_BA2S
485,108,254,1/9/21,Pver,v,0.014273584,ONLI_BA2S_P4,2021,ONLI_BA2S
486,109,255,1/9/21,Pver, ,0.019646736,ONLI_BA2S_P4,2021,ONLI_BA2S
487,224,149,1/9/21,Pver, ,0.025045075,ONLI_BA2S_P4,2021,ONLI_BA2S
488,236,169,1/9/21,Pver, ,0.005881653,ONLI_BA2S_P4,2021,ONLI_BA2S
489,12,52,1/10/21,Pver, ,0.006449262,ONLI_FL1S_P1,2021,ONLI_FL1S
490,13,56,1/10/21,Pver, ,0.01987004,ONLI_FL1S_P1,2021,ONLI_FL1S
491,14,57,1/10/21,Pver,v,0.016608698,ONLI_FL1S_P1,2021,ONLI_FL1S
492,15,58,1/10/21,Pver, ,0.020837143,ONLI_FL1S_P1,2021,ONLI_FL1S
493,16,59,1/10/21,Pver, ,0.013389111,ONLI_FL1S_P1,2021,ONLI_FL1S
494,27,12,1/10/21,Pver, ,0.004186998,ONLI_FL1S_P1,2021,ONLI_FL1S
495,28,13,1/10/21,Pver, ,0.00235263,ONLI_FL1S_P1,2021,ONLI_FL1S
496,29,14,1/10/21,Pver, ,0.014969786,ONLI_FL1S_P1,2021,ONLI_FL1S
497,31,17,1/10/21,Pver, ,0.007405538,ONLI_FL1S_P1,2021,ONLI_FL1S
498,32,18,1/10/21,Pver, ,0.006942641,ONLI_FL1S_P1,2021,ONLI_FL1S
499,38,24,1/10/21,Pver,v,0.019350227,ONLI_FL1S_P1,2021,ONLI_FL1S
500,46,36,1/10/21,Pver, ,0.018410852,ONLI_FL1S_P1,2021,ONLI_FL1S
501,47,37,1/10/21,Pver, ,0.018677983,ONLI_FL1S_P1,2021,ONLI_FL1S
502,48,38,1/10/21,Pver, ,0.011657893,ONLI_FL1S_P1,2021,ONLI_FL1S
503,50,40,1/10/21,Pver,v,0.032700289,ONLI_FL1S_P1,2021,ONLI_FL1S
504,14,259,1/10/21,Pver, ,0.013415341,ONLI_FL1S_P2,2021,ONLI_FL1S
505,16,262,1/10/21,Pver, ,0.009126594,ONLI_FL1S_P2,2021,ONLI_FL1S
506,17,265,1/10/21,Pver,v,0.026252256,ONLI_FL1S_P2,2021,ONLI_FL1S
507,20,3,1/10/21,Pver, ,0.005528114,ONLI_FL1S_P2,2021,ONLI_FL1S
508,35,24,1/10/21,Pver, ,0.005778892,ONLI_FL1S_P2,2021,ONLI_FL1S
509,37,26,1/10/21,Pver, ,0.00585246,ONLI_FL1S_P2,2021,ONLI_FL1S
510,41,30,1/10/21,Pver, ,0.006501361,ONLI_FL1S_P2,2021,ONLI_FL1S
511,44,34,1/10/21,Pver, ,0.020582512,ONLI_FL1S_P2,2021,ONLI_FL1S
512,53,257,1/10/21,Pver, ,0.012177872,ONLI_FL1S_P2,2021,ONLI_FL1S
513,10,32,1/10/21,Pver, ,0.019882639,ONLI_FL1S_P3,2021,ONLI_FL1S
514,11,33,1/10/21,Pver, ,0.009799237,ONLI_FL1S_P3,2021,ONLI_FL1S
515,12,37,1/10/21,Pver, ,0.016601277,ONLI_FL1S_P3,2021,ONLI_FL1S
516,13,41,1/10/21,Pver, ,0.011851108,ONLI_FL1S_P3,2021,ONLI_FL1S
517,14,42,1/10/21,Pver, ,0.009202364,ONLI_FL1S_P3,2021,ONLI_FL1S
518,15,3,1/10/21,Pver, ,0.014488266,ONLI_FL1S_P3,2021,ONLI_FL1S
519,16,4,1/10/21,Pver, ,0.017595857,ONLI_FL1S_P3,2021,ONLI_FL1S
520,17,5,1/10/21,Pver, ,0.005060245,ONLI_FL1S_P3,2021,ONLI_FL1S
521,20,9,1/10/21,Pver, ,0.003799606,ONLI_FL1S_P3,2021,ONLI_FL1S
522,22,12,1/10/21,Pver, ,0.001756569,ONLI_FL1S_P3,2021,ONLI_FL1S
523,23,38,1/10/21,Pver, ,0.007869011,ONLI_FL1S_P3,2021,ONLI_FL1S
524,25,14,1/10/21,Pver, ,0.025770693,ONLI_FL1S_P3,2021,ONLI_FL1S
525,29,19,1/10/21,Pver, ,0.003413253,ONLI_FL1S_P3,2021,ONLI_FL1S
526,31,21,1/10/21,Pver, ,0.022067071,ONLI_FL1S_P3,2021,ONLI_FL1S
527,35,26,1/10/21,Pver, ,0.017630774,ONLI_FL1S_P3,2021,ONLI_FL1S
528,37,31,1/10/21,Pver, ,0.004016532,ONLI_FL1S_P3,2021,ONLI_FL1S
529,38,34,1/10/21,Pver, ,0.017747289,ONLI_FL1S_P3,2021,ONLI_FL1S
530,39,35,1/10/21,Pver, ,0.005031675,ONLI_FL1S_P3,2021,ONLI_FL1S
531,42,40,1/10/21,Pver, ,0.00436905,ONLI_FL1S_P3,2021,ONLI_FL1S
532,45,45,1/10/21,Pver, ,0.010811042,ONLI_FL1S_P3,2021,ONLI_FL1S
533,17,2,1/10/21,Pver, ,0.005295767,ONLI_FL1S_P4,2021,ONLI_FL1S
534,19,44,1/10/21,Pver, ,0.007649489,ONLI_FL1S_P4,2021,ONLI_FL1S
535,20,45,1/10/21,Pver, ,0.024154481,ONLI_FL1S_P4,2021,ONLI_FL1S
536,21,46,1/10/21,Pver, ,0.027457865,ONLI_FL1S_P4,2021,ONLI_FL1S
537,22,4,1/10/21,Pver, ,0.017593122,ONLI_FL1S_P4,2021,ONLI_FL1S
538,23,49,1/10/21,Pver, ,0.01872146,ONLI_FL1S_P4,2021,ONLI_FL1S
539,25,51,1/10/21,Pver, ,0.009004538,ONLI_FL1S_P4,2021,ONLI_FL1S
540,26,55,1/10/21,Pver, ,0.010023111,ONLI_FL1S_P4,2021,ONLI_FL1S
541,27,56,1/10/21,Pver, ,0.008040276,ONLI_FL1S_P4,2021,ONLI_FL1S
542,29,65,1/10/21,Pver, ,0.007531738,ONLI_FL1S_P4,2021,ONLI_FL1S
543,43,12,1/10/21,Pver, ,0.006049546,ONLI_FL1S_P4,2021,ONLI_FL1S
544,45,17,1/10/21,Pver, ,0.0066034,ONLI_FL1S_P4,2021,ONLI_FL1S
545,47,19,1/10/21,Pver, ,0.011759014,ONLI_FL1S_P4,2021,ONLI_FL1S
546,48,27,1/10/21,Pver, ,0.012241439,ONLI_FL1S_P4,2021,ONLI_FL1S
547,52,37,1/10/21,Pver, ,0.011417883,ONLI_FL1S_P4,2021,ONLI_FL1S
548,53,38,1/10/21,Pver, ,0.006666568,ONLI_FL1S_P4,2021,ONLI_FL1S
549,54,39,1/10/21,Pver, ,0.007579811,ONLI_FL1S_P4,2021,ONLI_FL1S
550,56,41,1/10/21,Pver, ,0.005768984,ONLI_FL1S_P4,2021,ONLI_FL1S
551,63,6,1/10/21,Pver, ,0.027804369,ONLI_FL1S_P4,2021,ONLI_FL1S
552,77,70,1/10/21,Pver, ,0.007052895,ONLI_FL1S_P4,2021,ONLI_FL1S
553,9,34,1/9/21,Pver, ,0.028263261,ONLI_FR1S_P1,2021,ONLI_FR1S
554,10,35,1/9/21,Pver, ,0.009824857,ONLI_FR1S_P1,2021,ONLI_FR1S
555,11,2,1/9/21,Pver, ,0.004430339,ONLI_FR1S_P1,2021,ONLI_FR1S
556,12,3,1/9/21,Pver, ,0.001635776,ONLI_FR1S_P1,2021,ONLI_FR1S
557,13,42,1/9/21,Pver, ,0.029908375,ONLI_FR1S_P1,2021,ONLI_FR1S
558,14,43,1/9/21,Pver, ,0.040021061,ONLI_FR1S_P1,2021,ONLI_FR1S
559,15,47,1/9/21,Pver, ,0.029046462,ONLI_FR1S_P1,2021,ONLI_FR1S
560,16,49,1/9/21,Pver, ,0.008607422,ONLI_FR1S_P1,2021,ONLI_FR1S
561,17,62,1/9/21,Pver, ,0.013140603,ONLI_FR1S_P1,2021,ONLI_FR1S
562,18,67,1/9/21,Pver, ,0.010630635,ONLI_FR1S_P1,2021,ONLI_FR1S
563,19,73,1/9/21,Pver, ,0.011723487,ONLI_FR1S_P1,2021,ONLI_FR1S
564,20,76,1/9/21,Pver, ,0.012319972,ONLI_FR1S_P1,2021,ONLI_FR1S
565,21,81,1/9/21,Pver, ,0.011467847,ONLI_FR1S_P1,2021,ONLI_FR1S
566,22,6,1/9/21,Pver, ,0.007556035,ONLI_FR1S_P1,2021,ONLI_FR1S
567,23,83,1/9/21,Pver, ,0.008906909,ONLI_FR1S_P1,2021,ONLI_FR1S
568,24,7,1/9/21,Pver, ,0.027059864,ONLI_FR1S_P1,2021,ONLI_FR1S
569,25,8,1/9/21,Pver,"ng, 796",0.00809659,ONLI_FR1S_P1,2021,ONLI_FR1S
570,26,9,1/9/21,Pver, ,0.004959638,ONLI_FR1S_P1,2021,ONLI_FR1S
571,27,88,1/9/21,Pver, ,0.006248881,ONLI_FR1S_P1,2021,ONLI_FR1S
572,28,92,1/9/21,Pver, ,0.010539904,ONLI_FR1S_P1,2021,ONLI_FR1S
573,29,94,1/9/21,Pver, ,0.012399014,ONLI_FR1S_P1,2021,ONLI_FR1S
574,30,100,1/9/21,Pver, ,0.035263619,ONLI_FR1S_P1,2021,ONLI_FR1S
575,32,11,1/9/21,Pver, ,0.011126283,ONLI_FR1S_P1,2021,ONLI_FR1S
576,33,106,1/9/21,Pver, ,0.008943268,ONLI_FR1S_P1,2021,ONLI_FR1S
577,34,108,1/9/21,Pver, ,0.009817449,ONLI_FR1S_P1,2021,ONLI_FR1S
578,35,111,1/9/21,Pver, ,0.006598328,ONLI_FR1S_P1,2021,ONLI_FR1S
579,36,112,1/9/21,Pver, ,0.019843365,ONLI_FR1S_P1,2021,ONLI_FR1S
580,37,113,1/9/21,Pver, ,0.010253806,ONLI_FR1S_P1,2021,ONLI_FR1S
581,38,114,1/9/21,Pver, ,0.006539667,ONLI_FR1S_P1,2021,ONLI_FR1S
582,39,124,1/9/21,Pver, ,0.017908097,ONLI_FR1S_P1,2021,ONLI_FR1S
583,40,13,1/9/21,Pver, ,0.030747868,ONLI_FR1S_P1,2021,ONLI_FR1S
584,43,40,1/9/21,Pver, ,0.016807126,ONLI_FR1S_P1,2021,ONLI_FR1S
585,78,17,1/9/21,Pver, ,0.015615066,ONLI_FR1S_P1,2021,ONLI_FR1S
586,81,20,1/9/21,Pver, ,0.003210356,ONLI_FR1S_P1,2021,ONLI_FR1S
587,92,36,1/9/21,Pver, ,0.009645088,ONLI_FR1S_P1,2021,ONLI_FR1S
588,93,37,1/9/21,Pver, ,0.003056801,ONLI_FR1S_P1,2021,ONLI_FR1S
589,97,44,1/9/21,Pver, ,0.02078494,ONLI_FR1S_P1,2021,ONLI_FR1S
590,98,45,1/9/21,Pver, ,0.002987236,ONLI_FR1S_P1,2021,ONLI_FR1S
591,106,55,1/9/21,Pver,"ng, 789",0.011869849,ONLI_FR1S_P1,2021,ONLI_FR1S
592,3,70,1/10/21,Pver, ,0.021362192,ONLI_FR1S_P2,2021,ONLI_FR1S
593,4,72,1/10/21,Pver, ,0.028097499,ONLI_FR1S_P2,2021,ONLI_FR1S
594,5,76,1/10/21,Pver, ,0.00638123,ONLI_FR1S_P2,2021,ONLI_FR1S
595,8,82,1/10/21,Pver, ,0.019747191,ONLI_FR1S_P2,2021,ONLI_FR1S
596,9,85,1/10/21,Pver, ,0.02183612,ONLI_FR1S_P2,2021,ONLI_FR1S
597,10,86,1/10/21,Pver, ,0.034004911,ONLI_FR1S_P2,2021,ONLI_FR1S
598,11,88,1/10/21,Pver, ,0.024584065,ONLI_FR1S_P2,2021,ONLI_FR1S
599,12,89,1/10/21,Pver, ,0.019258658,ONLI_FR1S_P2,2021,ONLI_FR1S
600,13,2,1/10/21,Pver, ,0.00505591,ONLI_FR1S_P2,2021,ONLI_FR1S
601,15,91,1/10/21,Pver, ,0.016355245,ONLI_FR1S_P2,2021,ONLI_FR1S
602,16,93,1/10/21,Pver, ,0.024646969,ONLI_FR1S_P2,2021,ONLI_FR1S
603,17,4,1/10/21,Pver, ,0.004238741,ONLI_FR1S_P2,2021,ONLI_FR1S
604,18,6,1/10/21,Pver, ,0.025639923,ONLI_FR1S_P2,2021,ONLI_FR1S
605,19,104,1/10/21,Pver, ,0.031317471,ONLI_FR1S_P2,2021,ONLI_FR1S
606,20,106,1/10/21,Pver, ,0.013359862,ONLI_FR1S_P2,2021,ONLI_FR1S
607,21,108,1/10/21,Pver, ,0.009334461,ONLI_FR1S_P2,2021,ONLI_FR1S
608,23,112,1/10/21,Pver, ,0.008182878,ONLI_FR1S_P2,2021,ONLI_FR1S
609,24,114,1/10/21,Pver, ,0.028190771,ONLI_FR1S_P2,2021,ONLI_FR1S
610,25,121,1/10/21,Pver, ,0.019554643,ONLI_FR1S_P2,2021,ONLI_FR1S
611,26,122,1/10/21,Pver, ,0.007483849,ONLI_FR1S_P2,2021,ONLI_FR1S
612,27,142,1/10/21,Pver, ,0.004178914,ONLI_FR1S_P2,2021,ONLI_FR1S
613,28,143,1/10/21,Pver, ,0.010988844,ONLI_FR1S_P2,2021,ONLI_FR1S
614,29,144,1/10/21,Pver, ,0.032658888,ONLI_FR1S_P2,2021,ONLI_FR1S
615,30,147,1/10/21,Pver, ,0.022478712,ONLI_FR1S_P2,2021,ONLI_FR1S
616,31,148,1/10/21,Pver, ,0.014770495,ONLI_FR1S_P2,2021,ONLI_FR1S
617,32,149,1/10/21,Pver, ,0.025465399,ONLI_FR1S_P2,2021,ONLI_FR1S
618,33,150,1/10/21,Pver, ,0.024049257,ONLI_FR1S_P2,2021,ONLI_FR1S
619,34,151,1/10/21,Pver, ,0.012523047,ONLI_FR1S_P2,2021,ONLI_FR1S
620,35,152,1/10/21,Pver, ,0.011183826,ONLI_FR1S_P2,2021,ONLI_FR1S
621,36,153,1/10/21,Pver, ,0.011687297,ONLI_FR1S_P2,2021,ONLI_FR1S
622,38,168,1/10/21,Pver, ,0.010068747,ONLI_FR1S_P2,2021,ONLI_FR1S
623,45,10,1/10/21,Pver, ,0.01895561,ONLI_FR1S_P2,2021,ONLI_FR1S
624,49,15,1/10/21,Pver, ,0.003880271,ONLI_FR1S_P2,2021,ONLI_FR1S
625,54,20,1/10/21,Pver, ,0.03135739,ONLI_FR1S_P2,2021,ONLI_FR1S
626,62,28,1/10/21,Pver, ,0.003360092,ONLI_FR1S_P2,2021,ONLI_FR1S
627,67,33,1/10/21,Pver, ,0.002039844,ONLI_FR1S_P2,2021,ONLI_FR1S
628,71,37,1/10/21,Pver, ,0.016237425,ONLI_FR1S_P2,2021,ONLI_FR1S
629,73,39,1/10/21,Pver, ,0.001738342,ONLI_FR1S_P2,2021,ONLI_FR1S
630,84,50,1/10/21,Pver, ,0.005522044,ONLI_FR1S_P2,2021,ONLI_FR1S
631,85,140,1/10/21,Pver, ,0.038168728,ONLI_FR1S_P2,2021,ONLI_FR1S
632,0,6,1/9/21,Pver, ,0.022196316,ONLI_FR1S_P3,2021,ONLI_FR1S
633,1,7,1/9/21,Pver, ,0.006297794,ONLI_FR1S_P3,2021,ONLI_FR1S
634,2,16,1/9/21,Pver, ,0.009659572,ONLI_FR1S_P3,2021,ONLI_FR1S
635,3,21,1/9/21,Pver,"ng, 790",0.036912911,ONLI_FR1S_P3,2021,ONLI_FR1S
636,4,22,1/9/21,Pver, ,0.010113074,ONLI_FR1S_P3,2021,ONLI_FR1S
637,5,24,1/9/21,Pver, ,0.013388075,ONLI_FR1S_P3,2021,ONLI_FR1S
638,6,26,1/9/21,Pver, ,0.010338546,ONLI_FR1S_P3,2021,ONLI_FR1S
639,7,33,1/9/21,Pver, ,0.026659846,ONLI_FR1S_P3,2021,ONLI_FR1S
640,8,36,1/9/21,Pver, ,0.027164282,ONLI_FR1S_P3,2021,ONLI_FR1S
641,9,45,1/9/21,Pver, ,0.012559104,ONLI_FR1S_P3,2021,ONLI_FR1S
642,15,2,1/9/21,Pver, ,0.005133668,ONLI_FR1S_P3,2021,ONLI_FR1S
643,19,8,1/9/21,Pver, ,0.01123777,ONLI_FR1S_P3,2021,ONLI_FR1S
644,21,10,1/9/21,Pver,"v, ng, 794",0.020929725,ONLI_FR1S_P3,2021,ONLI_FR1S
645,22,11,1/9/21,Pver, ,0.004226326,ONLI_FR1S_P3,2021,ONLI_FR1S
646,23,12,1/9/21,Pver,v,0.01258268,ONLI_FR1S_P3,2021,ONLI_FR1S
647,2,125,1/9/21,Pver, ,0.003867384,ONLI_FR1S_P4,2021,ONLI_FR1S
648,3,128,1/9/21,Pver, ,0.006761908,ONLI_FR1S_P4,2021,ONLI_FR1S
649,4,129,1/9/21,Pver, ,0.014259669,ONLI_FR1S_P4,2021,ONLI_FR1S
650,5,130,1/9/21,Pver, ,0.006267054,ONLI_FR1S_P4,2021,ONLI_FR1S
651,6,131,1/9/21,Pver, ,0.013399974,ONLI_FR1S_P4,2021,ONLI_FR1S
652,7,132,1/9/21,Pver, ,0.017672988,ONLI_FR1S_P4,2021,ONLI_FR1S
653,9,134,1/9/21,Pver, ,0.008048484,ONLI_FR1S_P4,2021,ONLI_FR1S
654,11,139,1/9/21,Pver, ,0.021359407,ONLI_FR1S_P4,2021,ONLI_FR1S
655,12,141,1/9/21,Pver, ,0.043256816,ONLI_FR1S_P4,2021,ONLI_FR1S
656,13,142,1/9/21,Pver, ,0.004956144,ONLI_FR1S_P4,2021,ONLI_FR1S
657,14,143,1/9/21,Pver, ,0.026594619,ONLI_FR1S_P4,2021,ONLI_FR1S
658,15,145,1/9/21,Pver, ,0.007555831,ONLI_FR1S_P4,2021,ONLI_FR1S
659,16,146,1/9/21,Pver, ,0.050287663,ONLI_FR1S_P4,2021,ONLI_FR1S
660,17,147,1/9/21,Pver, ,0.015160582,ONLI_FR1S_P4,2021,ONLI_FR1S
661,18,148,1/9/21,Pver, ,0.007832614,ONLI_FR1S_P4,2021,ONLI_FR1S
662,19,149,1/9/21,Pver, ,0.015640136,ONLI_FR1S_P4,2021,ONLI_FR1S
663,20,151,1/9/21,Pver, ,0.030362047,ONLI_FR1S_P4,2021,ONLI_FR1S
664,22,156,1/9/21,Pver, ,0.0222452,ONLI_FR1S_P4,2021,ONLI_FR1S
665,23,160,1/9/21,Pver, ,0.00931059,ONLI_FR1S_P4,2021,ONLI_FR1S
666,24,161,1/9/21,Pver, ,0.016246017,ONLI_FR1S_P4,2021,ONLI_FR1S
667,25,162,1/9/21,Pver, ,0.012087219,ONLI_FR1S_P4,2021,ONLI_FR1S
668,26,164,1/9/21,Pver, ,0.008378524,ONLI_FR1S_P4,2021,ONLI_FR1S
669,27,165,1/9/21,Pver, ,0.010867383,ONLI_FR1S_P4,2021,ONLI_FR1S
670,28,166,1/9/21,Pver, ,0.013542447,ONLI_FR1S_P4,2021,ONLI_FR1S
671,43,10,1/9/21,Pver, ,0.007669376,ONLI_FR1S_P4,2021,ONLI_FR1S
672,45,12,1/9/21,Pver, ,0.010151187,ONLI_FR1S_P4,2021,ONLI_FR1S
673,70,37,1/9/21,Pver, ,0.002422743,ONLI_FR1S_P4,2021,ONLI_FR1S
674,71,144,1/9/21,Pver, ,0.009491447,ONLI_FR1S_P4,2021,ONLI_FR1S
675,72,38,1/9/21,Pver, ,0.006699727,ONLI_FR1S_P4,2021,ONLI_FR1S
676,75,41,1/9/21,Pver, ,0.002886854,ONLI_FR1S_P4,2021,ONLI_FR1S
677,78,44,1/9/21,Pver, ,0.006002183,ONLI_FR1S_P4,2021,ONLI_FR1S
678,81,47,1/9/21,Pver, ,0.004862586,ONLI_FR1S_P4,2021,ONLI_FR1S
679,86,52,1/9/21,Pver, ,0.015779261,ONLI_FR1S_P4,2021,ONLI_FR1S
680,57,145,1/10/21,Pver, ,0.008988991,ONLI_FR2S_P1,2021,ONLI_FR2S
681,58,149,1/10/21,Pver, ,0.011222014,ONLI_FR2S_P1,2021,ONLI_FR2S
682,59,157,1/10/21,Pver,"ng, 818",0.017600179,ONLI_FR2S_P1,2021,ONLI_FR2S
683,67,49,1/10/21,Pver,v,0.0158473,ONLI_FR2S_P1,2021,ONLI_FR2S
684,78,66,1/10/21,Pver, ,0.004827388,ONLI_FR2S_P1,2021,ONLI_FR2S
685,84,72,1/10/21,Pver, ,0.002491927,ONLI_FR2S_P1,2021,ONLI_FR2S
686,90,80,1/10/21,Pver, ,0.012512419,ONLI_FR2S_P1,2021,ONLI_FR2S
687,103,94,1/10/21,Pver, ,0.011002971,ONLI_FR2S_P1,2021,ONLI_FR2S
688,143,143,1/10/21,Pver, ,0.007167817,ONLI_FR2S_P1,2021,ONLI_FR2S
689,171,172,1/10/21,Pver, ,0.006284561,ONLI_FR2S_P1,2021,ONLI_FR2S
690,190,191,1/10/21,Pver, ,0.024233398,ONLI_FR2S_P1,2021,ONLI_FR2S
691,213,213,1/10/21,Pver, ,0.014791099,ONLI_FR2S_P1,2021,ONLI_FR2S
692,214,214,1/10/21,Pver, ,0.020746073,ONLI_FR2S_P1,2021,ONLI_FR2S
693,225,225,1/10/21,Pver, ,0.015594143,ONLI_FR2S_P1,2021,ONLI_FR2S
694,232,232,1/10/21,Pver, ,0.026576712,ONLI_FR2S_P1,2021,ONLI_FR2S
695,3,100,1/10/21,Pver, ,0.006890256,ONLI_FR2S_P2,2021,ONLI_FR2S
696,44,99,1/10/21,Pver, ,0.018591512,ONLI_FR2S_P2,2021,ONLI_FR2S
697,45,106,1/10/21,Pver,v,0.015692842,ONLI_FR2S_P2,2021,ONLI_FR2S
698,46,108,1/10/21,Pver, ,0.016478881,ONLI_FR2S_P2,2021,ONLI_FR2S
699,48,113,1/10/21,Pver, ,0.012343666,ONLI_FR2S_P2,2021,ONLI_FR2S
700,49,2,1/10/21,Pver, ,0.016770563,ONLI_FR2S_P2,2021,ONLI_FR2S
701,50,3,1/10/21,Pver, ,0.009332425,ONLI_FR2S_P2,2021,ONLI_FR2S
702,51,116,1/10/21,Pver, ,0.025766319,ONLI_FR2S_P2,2021,ONLI_FR2S
703,52,118,1/10/21,Pver, ,0.028262031,ONLI_FR2S_P2,2021,ONLI_FR2S
704,54,119,1/10/21,Pver, ,0.017015746,ONLI_FR2S_P2,2021,ONLI_FR2S
705,56,122,1/10/21,Pver, ,0.015033086,ONLI_FR2S_P2,2021,ONLI_FR2S
706,57,123,1/10/21,Pver, ,0.006725674,ONLI_FR2S_P2,2021,ONLI_FR2S
707,59,126,1/10/21,Pver, ,0.013910275,ONLI_FR2S_P2,2021,ONLI_FR2S
708,81,105,1/10/21,Pver,v,0.027625561,ONLI_FR2S_P2,2021,ONLI_FR2S
709,115,29,1/10/21,Pver, ,0.015481735,ONLI_FR2S_P2,2021,ONLI_FR2S
710,121,35,1/10/21,Pver, ,0.007188559,ONLI_FR2S_P2,2021,ONLI_FR2S
711,124,38,1/10/21,Pver, ,0.03385045,ONLI_FR2S_P2,2021,ONLI_FR2S
712,135,70,1/10/21,Pver,v,0.007488638,ONLI_FR2S_P2,2021,ONLI_FR2S
713,157,111,1/10/21,Pver, ,0.003697199,ONLI_FR2S_P2,2021,ONLI_FR2S
714,159,114,1/10/21,Pver,"ng, 819",0.008818525,ONLI_FR2S_P2,2021,ONLI_FR2S
715,39,148,1/10/21,Pver, ,0.064551065,ONLI_FR2S_P3,2021,ONLI_FR2S
716,41,150,1/10/21,Pver, ,0.006735247,ONLI_FR2S_P3,2021,ONLI_FR2S
717,43,151,1/10/21,Pver, ,0.037898437,ONLI_FR2S_P3,2021,ONLI_FR2S
718,46,182,1/10/21,Pver, ,0.005994896,ONLI_FR2S_P3,2021,ONLI_FR2S
719,47,186,1/10/21,Pver, ,0.006538784,ONLI_FR2S_P3,2021,ONLI_FR2S
720,48,187,1/10/21,Pver, ,0.008331372,ONLI_FR2S_P3,2021,ONLI_FR2S
721,52,1,1/10/21,Pver, ,0.029256387,ONLI_FR2S_P3,2021,ONLI_FR2S
722,53,214,1/10/21,Pver, ,0.034097331,ONLI_FR2S_P3,2021,ONLI_FR2S
723,55,222,1/10/21,Pver, ,0.02529566,ONLI_FR2S_P3,2021,ONLI_FR2S
724,56,224,1/10/21,Pver, ,0.020316046,ONLI_FR2S_P3,2021,ONLI_FR2S
725,59,240,1/10/21,Pver, ,0.016725326,ONLI_FR2S_P3,2021,ONLI_FR2S
726,82,184,1/10/21,Pver, ,0.004153336,ONLI_FR2S_P3,2021,ONLI_FR2S
727,31,93,1/10/21,Pver, ,0.017296568,ONLI_FR2S_P4,2021,ONLI_FR2S
728,32,100,1/10/21,Pver, ,0.006005055,ONLI_FR2S_P4,2021,ONLI_FR2S
729,33,109,1/10/21,Pver, ,0.024634338,ONLI_FR2S_P4,2021,ONLI_FR2S
730,34,116,1/10/21,Pver, ,0.063138012,ONLI_FR2S_P4,2021,ONLI_FR2S
731,35,117,1/10/21,Pver, ,0.016870033,ONLI_FR2S_P4,2021,ONLI_FR2S
732,40,8,1/10/21,Pver, ,0.00566045,ONLI_FR2S_P4,2021,ONLI_FR2S
733,67,28,1/10/21,Pver, ,0.010676074,ONLI_FR2S_P4,2021,ONLI_FR2S
734,70,111,1/10/21,Pver, ,0.005320461,ONLI_FR2S_P4,2021,ONLI_FR2S
735,79,41,1/10/21,Pver, ,0.005404137,ONLI_FR2S_P4,2021,ONLI_FR2S
736,84,47,1/10/21,Pver, ,0.019357937,ONLI_FR2S_P4,2021,ONLI_FR2S
737,92,59,1/10/21,Pver, ,0.013060626,ONLI_FR2S_P4,2021,ONLI_FR2S
738,110,80,1/10/21,Pver, ,0.01261696,ONLI_FR2S_P4,2021,ONLI_FR2S
739,92,62,1/10/21,Pver, ,0.002309587,ONLI_LA1S_P4,2021,ONLI_LA1S
740,27,6,1/10/21,Pver,v,0.064392049,ONMO_BA1D_P1,2021,ONMO_BA1D
741,30,10,1/10/21,Pver, ,0.009279194,ONMO_BA1D_P1,2021,ONMO_BA1D
742,42,29,1/10/21,Pver, ,0.077535715,ONMO_BA1D_P1,2021,ONMO_BA1D
743,45,32,1/10/21,Pver, ,0.044437674,ONMO_BA1D_P1,2021,ONMO_BA1D
744,53,43,1/10/21,Pver,v,0.035853883,ONMO_BA1D_P1,2021,ONMO_BA1D
745,56,47,1/10/21,Pver, ,0.004690989,ONMO_BA1D_P1,2021,ONMO_BA1D
746,75,73,1/10/21,Pver,v,0.020915103,ONMO_BA1D_P1,2021,ONMO_BA1D
747,77,76,1/10/21,Pver, ,0.064161547,ONMO_BA1D_P1,2021,ONMO_BA1D
748,93,93,1/10/21,Pver,v,0.017479392,ONMO_BA1D_P1,2021,ONMO_BA1D
749,5,6,1/10/21,Pver,v,0.060086461,ONMO_BA1D_P2,2021,ONMO_BA1D
750,7,8,1/10/21,Pver, ,0.013425105,ONMO_BA1D_P2,2021,ONMO_BA1D
751,8,9,1/10/21,Pver, ,0.021171684,ONMO_BA1D_P2,2021,ONMO_BA1D
752,9,10,1/10/21,Pver, ,0.001196161,ONMO_BA1D_P2,2021,ONMO_BA1D
753,32,33,1/10/21,Pver, ,0.022825336,ONMO_BA1D_P2,2021,ONMO_BA1D
754,34,35,1/10/21,Pver, ,0.059232684,ONMO_BA1D_P2,2021,ONMO_BA1D
755,40,41,1/10/21,Pver, ,0.011045424,ONMO_BA1D_P2,2021,ONMO_BA1D
756,41,42,1/10/21,Pver, ,0.023313044,ONMO_BA1D_P2,2021,ONMO_BA1D
757,50,51,1/10/21,Pver, ,0.0154266,ONMO_BA1D_P2,2021,ONMO_BA1D
758,53,54,1/10/21,Pver, ,0.012661064,ONMO_BA1D_P2,2021,ONMO_BA1D
759,54,55,1/10/21,Pver, ,0.002165697,ONMO_BA1D_P2,2021,ONMO_BA1D
760,75,75,1/10/21,Pver, ,0.004460339,ONMO_BA1D_P2,2021,ONMO_BA1D
761,3,3,5/10/21,Pver,validated,0.070170479,ONMO_BA1D_P3,2021,ONMO_BA1D
762,4,4,5/10/21,Pver,validated,0.031412011,ONMO_BA1D_P3,2021,ONMO_BA1D
763,5,5,5/10/21,Pver,validated,0.00901389,ONMO_BA1D_P3,2021,ONMO_BA1D
764,10,10,5/10/21,Pver, ,0.027449311,ONMO_BA1D_P3,2021,ONMO_BA1D
765,19,19,5/10/21,Pver, ,0.046109168,ONMO_BA1D_P3,2021,ONMO_BA1D
766,28,28,5/10/21,Pver, ,0.001956708,ONMO_BA1D_P3,2021,ONMO_BA1D
767,32,32,5/10/21,Pver, ,0.003833624,ONMO_BA1D_P3,2021,ONMO_BA1D
768,12,29,1/10/21,Pver, ,0.013373251,ONMO_BA1D_P4,2021,ONMO_BA1D
769,13,31,1/10/21,Pver, ,0.071030542,ONMO_BA1D_P4,2021,ONMO_BA1D
770,14,33,1/10/21,Pver, ,0.037959313,ONMO_BA1D_P4,2021,ONMO_BA1D
771,15,34,1/10/21,Pver, ,0.042865171,ONMO_BA1D_P4,2021,ONMO_BA1D
772,16,37,1/10/21,Pver, ,0.020513282,ONMO_BA1D_P4,2021,ONMO_BA1D
773,17,39,1/10/21,Pver, ,0.011113194,ONMO_BA1D_P4,2021,ONMO_BA1D
774,18,42,1/10/21,Pver, ,0.012057155,ONMO_BA1D_P4,2021,ONMO_BA1D
775,19,44,1/10/21,Pver, ,0.023007639,ONMO_BA1D_P4,2021,ONMO_BA1D
776,32,38,1/10/21,Pver, ,0.046967439,ONMO_BA1D_P4,2021,ONMO_BA1D
777,67,30,1/10/21,Pver, ,0.004379809,ONMO_BA1D_P4,2021,ONMO_BA1D
778,8,2,1/10/21,Pver, ,0.010580312,ONMO_BA1S_P1,2021,ONMO_BA1S
779,11,8,1/10/21,Pver,v,0.057649583,ONMO_BA1S_P1,2021,ONMO_BA1S
780,14,11,1/10/21,Pver, ,0.002229627,ONMO_BA1S_P1,2021,ONMO_BA1S
781,16,13,1/10/21,Pver, ,0.002332468,ONMO_BA1S_P1,2021,ONMO_BA1S
782,24,22,1/10/21,Pver, ,0.051111085,ONMO_BA1S_P1,2021,ONMO_BA1S
783,43,44,1/10/21,Pver,v,0.037927086,ONMO_BA1S_P1,2021,ONMO_BA1S
784,58,60,1/10/21,Pver, ,0.057721651,ONMO_BA1S_P1,2021,ONMO_BA1S
785,59,62,1/10/21,Pver, ,0.018252965,ONMO_BA1S_P1,2021,ONMO_BA1S
786,60,63,1/10/21,Pver, ,0.002748752,ONMO_BA1S_P1,2021,ONMO_BA1S
787,61,64,1/10/21,Pver,v,0.026326055,ONMO_BA1S_P1,2021,ONMO_BA1S
788,65,68,1/10/21,Pver, ,0.015757877,ONMO_BA1S_P1,2021,ONMO_BA1S
789,71,73,1/10/21,Pver,v,0.020041065,ONMO_BA1S_P1,2021,ONMO_BA1S
790,72,74,1/10/21,Pver,v,0.03336901,ONMO_BA1S_P1,2021,ONMO_BA1S
791,94,95,1/10/21,Pver, ,0.045118911,ONMO_BA1S_P1,2021,ONMO_BA1S
792,105,105,1/10/21,Pver, ,0.04100923,ONMO_BA1S_P1,2021,ONMO_BA1S
793,0,0,1/10/21,Pver, ,0.062170338,ONMO_BA1S_P2,2021,ONMO_BA1S
794,1,1,1/10/21,Pver, ,0.0053663,ONMO_BA1S_P2,2021,ONMO_BA1S
795,2,2,1/10/21,Pver, ,0.071618384,ONMO_BA1S_P2,2021,ONMO_BA1S
796,6,8,1/10/21,Pver, ,0.023646006,ONMO_BA1S_P2,2021,ONMO_BA1S
797,7,7,1/10/21,Pver, ,0.055210797,ONMO_BA1S_P2,2021,ONMO_BA1S
798,12,13,1/10/21,Pver, ,0.026201944,ONMO_BA1S_P2,2021,ONMO_BA1S
799,15,16,1/10/21,Pver, ,0.026330103,ONMO_BA1S_P2,2021,ONMO_BA1S
800,18,19,1/10/21,Pver, ,0.046089657,ONMO_BA1S_P2,2021,ONMO_BA1S
801,23,24,1/10/21,Pver, ,0.043671823,ONMO_BA1S_P2,2021,ONMO_BA1S
802,25,26,1/10/21,Pver, ,0.020494375,ONMO_BA1S_P2,2021,ONMO_BA1S
803,34,35,1/10/21,Pver,v,0.024779087,ONMO_BA1S_P2,2021,ONMO_BA1S
804,38,39,1/10/21,Pver, ,0.048975152,ONMO_BA1S_P2,2021,ONMO_BA1S
805,40,41,1/10/21,Pver, ,0.065273251,ONMO_BA1S_P2,2021,ONMO_BA1S
806,41,42,1/10/21,Pver, ,0.056529278,ONMO_BA1S_P2,2021,ONMO_BA1S
807,47,48,1/10/21,Pver, ,0.031432253,ONMO_BA1S_P2,2021,ONMO_BA1S
808,49,50,1/10/21,Pver, ,0.045805939,ONMO_BA1S_P2,2021,ONMO_BA1S
809,52,53,1/10/21,Pver, ,0.0227961,ONMO_BA1S_P2,2021,ONMO_BA1S
810,53,54,1/10/21,Pver, ,0.015226983,ONMO_BA1S_P2,2021,ONMO_BA1S
811,55,56,1/10/21,Pver, ,0.016697239,ONMO_BA1S_P2,2021,ONMO_BA1S
812,68,69,1/10/21,Pver, ,0.007812978,ONMO_BA1S_P2,2021,ONMO_BA1S
813,72,6,1/10/21,Pver, ,0.037127647,ONMO_BA1S_P2,2021,ONMO_BA1S
814,82,82,1/10/21,Pver, ,0.023280147,ONMO_BA1S_P2,2021,ONMO_BA1S
815,83,83,1/10/21,Pver, ,0.011764679,ONMO_BA1S_P2,2021,ONMO_BA1S
816,13,6,1/10/21,Pver, ,0.017958666,ONMO_BA1S_P3,2021,ONMO_BA1S
817,14,7,1/10/21,Pver, ,0.049185388,ONMO_BA1S_P3,2021,ONMO_BA1S
818,15,8,1/10/21,Pver, ,0.009312788,ONMO_BA1S_P3,2021,ONMO_BA1S
819,16,0,1/10/21,Pver,v,0.038989281,ONMO_BA1S_P3,2021,ONMO_BA1S
820,17,16,1/10/21,Pver, ,0.023154218,ONMO_BA1S_P3,2021,ONMO_BA1S
821,20,1,1/10/21,Pver,overtopped,0.03170641,ONMO_BA1S_P3,2021,ONMO_BA1S
822,21,2,1/10/21,Pver, ,0.005632157,ONMO_BA1S_P3,2021,ONMO_BA1S
823,22,3,1/10/21,Pver, ,0.061613719,ONMO_BA1S_P3,2021,ONMO_BA1S
824,23,4,1/10/21,Pver,v,0.023550475,ONMO_BA1S_P3,2021,ONMO_BA1S
825,54,47,1/10/21,Pver, ,0.045413702,ONMO_BA1S_P3,2021,ONMO_BA1S
826,27,10,1/10/21,Pver, ,0.044128047,ONMO_BA1S_P4,2021,ONMO_BA1S
827,28,174,1/10/21,Pver, ,0.05035165,ONMO_BA1S_P4,2021,ONMO_BA1S
828,29,177,1/10/21,Pver, ,0.047307254,ONMO_BA1S_P4,2021,ONMO_BA1S
829,30,180,1/10/21,Pver,overtopped,0.019615337,ONMO_BA1S_P4,2021,ONMO_BA1S
830,31,186,1/10/21,Pver, ,0.044940373,ONMO_BA1S_P4,2021,ONMO_BA1S
831,32,187,1/10/21,Pver,v,0.012680046,ONMO_BA1S_P4,2021,ONMO_BA1S
832,37,197,1/10/21,Pver, ,0.037312288,ONMO_BA1S_P4,2021,ONMO_BA1S
833,38,216,1/10/21,Pver,overtopped,0.048207243,ONMO_BA1S_P4,2021,ONMO_BA1S
834,39,218,1/10/21,Pver, ,0.014817268,ONMO_BA1S_P4,2021,ONMO_BA1S
835,40,220,1/10/21,Pver, ,0.022432456,ONMO_BA1S_P4,2021,ONMO_BA1S
836,41,222,1/10/21,Pver, ,0.01023185,ONMO_BA1S_P4,2021,ONMO_BA1S
837,42,223,1/10/21,Pver,v,0.079763142,ONMO_BA1S_P4,2021,ONMO_BA1S
838,44,226,1/10/21,Pver, ,0.075069304,ONMO_BA1S_P4,2021,ONMO_BA1S
839,47,19,1/10/21,Pver, ,0.005289307,ONMO_BA1S_P4,2021,ONMO_BA1S
840,50,23,1/10/21,Pver,v,0.034320512,ONMO_BA1S_P4,2021,ONMO_BA1S
841,63,39,1/10/21,Pver,v,0.054416468,ONMO_BA1S_P4,2021,ONMO_BA1S
842,66,42,1/10/21,Pver, ,0.046038491,ONMO_BA1S_P4,2021,ONMO_BA1S
843,73,206,1/10/21,Pver, ,0.010410199,ONMO_BA1S_P4,2021,ONMO_BA1S
844,78,54,1/10/21,Pver, ,0.03922589,ONMO_BA1S_P4,2021,ONMO_BA1S
845,86,14,1/10/21,Pver, ,0.046171842,ONMO_BA1S_P4,2021,ONMO_BA1S
846,107,81,1/10/21,Pver, ,0.016008361,ONMO_BA1S_P4,2021,ONMO_BA1S
847,113,88,1/10/21,Pver,pm,0.041754184,ONMO_BA1S_P4,2021,ONMO_BA1S
848,120,98,1/10/21,Pver, ,0.034393737,ONMO_BA1S_P4,2021,ONMO_BA1S
849,139,122,1/10/21,Pver, ,0.01252196,ONMO_BA1S_P4,2021,ONMO_BA1S
850,142,126,1/10/21,Pver, ,0.034422635,ONMO_BA1S_P4,2021,ONMO_BA1S
851,147,130,1/10/21,Pver, ,0.027039441,ONMO_BA1S_P4,2021,ONMO_BA1S
852,156,138,1/10/21,Pver, ,0.013616088,ONMO_BA1S_P4,2021,ONMO_BA1S
853,32,25,1/10/21,Pver, ,0.027906648,ONMO_BA2D_P1,2021,ONMO_BA2D
854,35,31,1/10/21,Pver, ,0.005879916,ONMO_BA2D_P1,2021,ONMO_BA2D
855,38,38,1/10/21,Pver,v,0.012578431,ONMO_BA2D_P1,2021,ONMO_BA2D
856,3,4,1/10/21,Pver,v,0.051676046,ONMO_BA2D_P2,2021,ONMO_BA2D
857,9,10,1/10/21,Pver, ,0.023228425,ONMO_BA2D_P2,2021,ONMO_BA2D
858,27,29,1/10/21,Pver, ,0.06660082,ONMO_BA2D_P2,2021,ONMO_BA2D
859,30,32,1/10/21,Pver, ,0.083025894,ONMO_BA2D_P2,2021,ONMO_BA2D
860,39,41,1/10/21,Pver, ,0.008935495,ONMO_BA2D_P2,2021,ONMO_BA2D
861,3,107,1/10/21,Pver,v,0.029196913,ONMO_BA2D_P3,2021,ONMO_BA2D
862,7,1,1/10/21,Pver, ,0.002224784,ONMO_BA2D_P3,2021,ONMO_BA2D
863,8,2,1/10/21,Pver,v,0.02292878,ONMO_BA2D_P3,2021,ONMO_BA2D
864,10,5,1/10/21,Pver,v,0.005910307,ONMO_BA2D_P3,2021,ONMO_BA2D
865,21,16,1/10/21,Pver, ,0.006301762,ONMO_BA2D_P3,2021,ONMO_BA2D
866,25,18,1/10/21,Pver,v,0.053152124,ONMO_BA2D_P3,2021,ONMO_BA2D
867,3,10,1/10/21,Pver,v,0.013748538,ONMO_BA2D_P4,2021,ONMO_BA2D
868,4,15,1/10/21,Pver, ,0.016648171,ONMO_BA2D_P4,2021,ONMO_BA2D
869,5,17,1/10/21,Pver, ,0.046655613,ONMO_BA2D_P4,2021,ONMO_BA2D
870,25,5,1/10/21,Pver, ,0.012037044,ONMO_BA2D_P4,2021,ONMO_BA2D
871,29,9,1/10/21,Pver,v,0.013474306,ONMO_BA2D_P4,2021,ONMO_BA2D
872,36,19,1/10/21,Pver, ,0.004931482,ONMO_BA2D_P4,2021,ONMO_BA2D
873,44,44,1/10/21,Pver, ,0.009019785,ONMO_BA2D_P4,2021,ONMO_BA2D
874,55,43,1/10/21,Pver,v,0.030163993,ONMO_BA2S_P1,2021,ONMO_BA2S
875,56,44,1/10/21,Pver,v,0.016548109,ONMO_BA2S_P1,2021,ONMO_BA2S
876,62,52,1/10/21,Pver, ,0.016068083,ONMO_BA2S_P1,2021,ONMO_BA2S
877,65,55,1/10/21,Pver, ,0.050100908,ONMO_BA2S_P1,2021,ONMO_BA2S
878,66,56,1/10/21,Pver, ,0.029125423,ONMO_BA2S_P1,2021,ONMO_BA2S
879,69,59,1/10/21,Pver, ,0.022744945,ONMO_BA2S_P1,2021,ONMO_BA2S
880,71,62,1/10/21,Pver, ,0.085986669,ONMO_BA2S_P1,2021,ONMO_BA2S
881,93,93,1/10/21,Pver,v,0.050190254,ONMO_BA2S_P1,2021,ONMO_BA2S
882,8,161,1/10/21,Pver, ,0.034632759,ONMO_BA2S_P2,2021,ONMO_BA2S
883,9,4,1/10/21,Pver, ,0.031645925,ONMO_BA2S_P2,2021,ONMO_BA2S
884,61,55,1/10/21,Pver, ,0.007606121,ONMO_BA2S_P2,2021,ONMO_BA2S
885,10,13,1/10/21,Pver,v,0.026835995,ONMO_BA2S_P3,2021,ONMO_BA2S
886,15,18,1/10/21,Pver, ,0.027016834,ONMO_BA2S_P3,2021,ONMO_BA2S
887,18,21,1/10/21,Pver, ,0.031612197,ONMO_BA2S_P3,2021,ONMO_BA2S
888,19,22,1/10/21,Pver, ,0.017088697,ONMO_BA2S_P3,2021,ONMO_BA2S
889,32,36,1/10/21,Pver, ,0.007360562,ONMO_BA2S_P3,2021,ONMO_BA2S
890,42,45,1/10/21,Pver,o,0.016526005,ONMO_BA2S_P3,2021,ONMO_BA2S
891,50,54,1/10/21,Pver, ,0.018126568,ONMO_BA2S_P3,2021,ONMO_BA2S
892,65,70,1/10/21,Pver, ,0.019300843,ONMO_BA2S_P3,2021,ONMO_BA2S
893,66,71,1/10/21,Pver, ,0.03534083,ONMO_BA2S_P3,2021,ONMO_BA2S
894,82,85,1/10/21,Pver, ,0.046136274,ONMO_BA2S_P3,2021,ONMO_BA2S
895,21,60,1/10/21,Pver, ,0.020457097,ONMO_BA2S_P4,2021,ONMO_BA2S
896,23,72,1/10/21,Pver, ,0.018379484,ONMO_BA2S_P4,2021,ONMO_BA2S
897,24,73,1/10/21,Pver, ,0.022794299,ONMO_BA2S_P4,2021,ONMO_BA2S
898,25,8,1/10/21,Pver, ,0.034870392,ONMO_BA2S_P4,2021,ONMO_BA2S
899,26,80,1/10/21,Pver, ,0.008971986,ONMO_BA2S_P4,2021,ONMO_BA2S
900,27,91,1/10/21,Pver, ,0.02617412,ONMO_BA2S_P4,2021,ONMO_BA2S
901,28,97,1/10/21,Pver, ,0.018243414,ONMO_BA2S_P4,2021,ONMO_BA2S
902,29,98,1/10/21,Pver, ,0.007814926,ONMO_BA2S_P4,2021,ONMO_BA2S
903,30,100,1/10/21,Pver, ,0.012877764,ONMO_BA2S_P4,2021,ONMO_BA2S
904,49,23,1/10/21,Pver, ,0.003286941,ONMO_BA2S_P4,2021,ONMO_BA2S
905,59,39,1/10/21,Pver, ,0.005610212,ONMO_BA2S_P4,2021,ONMO_BA2S
906,65,48,1/10/21,Pver,v,0.09117543,ONMO_BA2S_P4,2021,ONMO_BA2S
907,25,24,1/10/21,Pver, ,0.049344885,ONMO_FL1D_P1,2021,ONMO_FL1D
908,26,25,1/10/21,Pver, ,0.045593813,ONMO_FL1D_P1,2021,ONMO_FL1D
909,31,30,1/10/21,Pver, ,0.044904903,ONMO_FL1D_P1,2021,ONMO_FL1D
910,0,0,1/10/21,Pver, ,0.055000465,ONMO_FL1D_P2,2021,ONMO_FL1D
911,19,19,1/10/21,Pver, ,0.006219719,ONMO_FL1D_P2,2021,ONMO_FL1D
912,31,31,1/10/21,Pver, ,0.04123651,ONMO_FL1D_P2,2021,ONMO_FL1D
913,33,33,1/10/21,Pver, ,0.063283896,ONMO_FL1D_P2,2021,ONMO_FL1D
914,43,43,1/10/21,Pver, ,0.061024867,ONMO_FL1D_P2,2021,ONMO_FL1D
915,2,33,1/10/21,Pver, ,0.032175643,ONMO_FL1D_P3,2021,ONMO_FL1D
916,3,34,1/10/21,Pver, ,0.01896276,ONMO_FL1D_P3,2021,ONMO_FL1D
917,4,35,1/10/21,Pver, ,0.019592379,ONMO_FL1D_P3,2021,ONMO_FL1D
918,5,36,1/10/21,Pver, ,0.04821696,ONMO_FL1D_P3,2021,ONMO_FL1D
919,3,17,1/10/21,Pver, ,0.026476395,ONMO_FL1D_P4,2021,ONMO_FL1D
920,4,18,1/10/21,Pver, ,0.014520997,ONMO_FL1D_P4,2021,ONMO_FL1D
921,5,0,1/10/21,Pver, ,0.013337444,ONMO_FL1D_P4,2021,ONMO_FL1D
922,6,1,1/10/21,Pver, ,0.021248392,ONMO_FL1D_P4,2021,ONMO_FL1D
923,7,25,1/10/21,Pver, ,0.015331462,ONMO_FL1D_P4,2021,ONMO_FL1D
924,8,26,1/10/21,Pver, ,0.065909079,ONMO_FL1D_P4,2021,ONMO_FL1D
925,11,2,1/10/21,Pver, ,0.026104443,ONMO_FL1D_P4,2021,ONMO_FL1D
926,14,5,1/10/21,Pver, ,0.030984026,ONMO_FL1D_P4,2021,ONMO_FL1D
927,24,19,1/10/21,Pver, ,0.044935225,ONMO_FL1D_P4,2021,ONMO_FL1D
928,27,22,1/10/21,Pver, ,0.013050081,ONMO_FL1D_P4,2021,ONMO_FL1D
929,28,23,1/10/21,Pver, ,0.016282584,ONMO_FL1D_P4,2021,ONMO_FL1D
930,24,104,1/10/21,Pver, ,0.022368865,ONMO_FL1S_P1,2021,ONMO_FL1S
931,25,105,1/10/21,Pver, ,0.039329173,ONMO_FL1S_P1,2021,ONMO_FL1S
932,26,109,1/10/21,Pver, ,0.050946206,ONMO_FL1S_P1,2021,ONMO_FL1S
933,27,110,1/10/21,Pver, ,0.007663946,ONMO_FL1S_P1,2021,ONMO_FL1S
934,28,111,1/10/21,Pver, ,0.046705998,ONMO_FL1S_P1,2021,ONMO_FL1S
935,29,121,1/10/21,Pver, ,0.048658332,ONMO_FL1S_P1,2021,ONMO_FL1S
936,30,126,1/10/21,Pver, ,0.017487458,ONMO_FL1S_P1,2021,ONMO_FL1S
937,53,10,1/10/21,Pver, ,0.017634346,ONMO_FL1S_P1,2021,ONMO_FL1S
938,57,14,1/10/21,Pver, ,0.00288286,ONMO_FL1S_P1,2021,ONMO_FL1S
939,58,16,1/10/21,Pver, ,0.005589761,ONMO_FL1S_P1,2021,ONMO_FL1S
940,65,24,1/10/21,Pver, ,0.014438049,ONMO_FL1S_P1,2021,ONMO_FL1S
941,8,159,1/10/21,Pver, ,0.037077906,ONMO_FL1S_P2,2021,ONMO_FL1S
942,9,1,1/10/21,Pver, ,0.074477329,ONMO_FL1S_P2,2021,ONMO_FL1S
943,10,177,1/10/21,Pver, ,0.018980581,ONMO_FL1S_P2,2021,ONMO_FL1S
944,11,180,1/10/21,Pver, ,0.043020263,ONMO_FL1S_P2,2021,ONMO_FL1S
945,12,182,1/10/21,Pver, ,0.020363281,ONMO_FL1S_P2,2021,ONMO_FL1S
946,13,194,1/10/21,Pver, ,0.013633523,ONMO_FL1S_P2,2021,ONMO_FL1S
947,14,197,1/10/21,Pver, ,0.011273908,ONMO_FL1S_P2,2021,ONMO_FL1S
948,20,6,1/10/21,Pver, ,0.003177525,ONMO_FL1S_P2,2021,ONMO_FL1S
949,25,11,1/10/21,Pver, ,0.023384256,ONMO_FL1S_P2,2021,ONMO_FL1S
950,29,15,1/10/21,Pver, ,0.01743421,ONMO_FL1S_P2,2021,ONMO_FL1S
951,30,16,1/10/21,Pver, ,0.005211891,ONMO_FL1S_P2,2021,ONMO_FL1S
952,46,232,1/10/21,Pver, ,0.007343201,ONMO_FL1S_P3,2021,ONMO_FL1S
953,47,237,1/10/21,Pver, ,0.00584425,ONMO_FL1S_P3,2021,ONMO_FL1S
954,48,247,1/10/21,Pver, ,0.021359153,ONMO_FL1S_P3,2021,ONMO_FL1S
955,49,7,1/10/21,Pver, ,0.0098145,ONMO_FL1S_P3,2021,ONMO_FL1S
956,50,252,1/10/21,Pver, ,0.017714465,ONMO_FL1S_P3,2021,ONMO_FL1S
957,51,256,1/10/21,Pver, ,0.005556879,ONMO_FL1S_P3,2021,ONMO_FL1S
958,52,263,1/10/21,Pver, ,0.03287247,ONMO_FL1S_P3,2021,ONMO_FL1S
959,54,277,1/10/21,Pver, ,0.007703464,ONMO_FL1S_P3,2021,ONMO_FL1S
960,56,280,1/10/21,Pver, ,0.010887885,ONMO_FL1S_P3,2021,ONMO_FL1S
961,57,281,1/10/21,Pver, ,0.022324114,ONMO_FL1S_P3,2021,ONMO_FL1S
962,58,283,1/10/21,Pver, ,0.031023954,ONMO_FL1S_P3,2021,ONMO_FL1S
963,59,290,1/10/21,Pver, ,0.005828043,ONMO_FL1S_P3,2021,ONMO_FL1S
964,60,293,1/10/21,Pver, ,0.014444901,ONMO_FL1S_P3,2021,ONMO_FL1S
965,61,294,1/10/21,Pver, ,0.028644195,ONMO_FL1S_P3,2021,ONMO_FL1S
966,62,296,1/10/21,Pver, ,0.015644364,ONMO_FL1S_P3,2021,ONMO_FL1S
967,64,300,1/10/21,Pver, ,0.015412888,ONMO_FL1S_P3,2021,ONMO_FL1S
968,65,302,1/10/21,Pver, ,0.012539338,ONMO_FL1S_P3,2021,ONMO_FL1S
969,66,311,1/10/21,Pver, ,0.037616977,ONMO_FL1S_P3,2021,ONMO_FL1S
970,77,258,1/10/21,Pver, ,0.023270748,ONMO_FL1S_P3,2021,ONMO_FL1S
971,89,250,1/10/21,Pver, ,0.051662176,ONMO_FL1S_P3,2021,ONMO_FL1S
972,128,17,1/10/21,Pver, ,0.01150789,ONMO_FL1S_P3,2021,ONMO_FL1S
973,139,31,1/10/21,Pver, ,0.002528009,ONMO_FL1S_P3,2021,ONMO_FL1S
974,143,38,1/10/21,Pver, ,0.023807977,ONMO_FL1S_P3,2021,ONMO_FL1S
975,27,206,1/10/21,Pver, ,0.013388618,ONMO_FL1S_P4,2021,ONMO_FL1S
976,28,215,1/10/21,Pver, ,0.016726153,ONMO_FL1S_P4,2021,ONMO_FL1S
977,29,222,1/10/21,Pver, ,0.029729121,ONMO_FL1S_P4,2021,ONMO_FL1S
978,30,224,1/10/21,Pver, ,0.033302155,ONMO_FL1S_P4,2021,ONMO_FL1S
979,31,227,1/10/21,Pver, ,0.017774613,ONMO_FL1S_P4,2021,ONMO_FL1S
980,32,230,1/10/21,Pver, ,0.014651734,ONMO_FL1S_P4,2021,ONMO_FL1S
981,33,231,1/10/21,Pver, ,0.03356907,ONMO_FL1S_P4,2021,ONMO_FL1S
982,34,232,1/10/21,Pver, ,0.00682194,ONMO_FL1S_P4,2021,ONMO_FL1S
983,36,237,1/10/21,Pver, ,0.028278773,ONMO_FL1S_P4,2021,ONMO_FL1S
984,37,244,1/10/21,Pver, ,0.018575285,ONMO_FL1S_P4,2021,ONMO_FL1S
985,39,257,1/10/21,Pver, ,0.012262518,ONMO_FL1S_P4,2021,ONMO_FL1S
986,41,258,1/10/21,Pver, ,0.027042825,ONMO_FL1S_P4,2021,ONMO_FL1S
987,65,2,1/10/21,Pver, ,0.008734068,ONMO_FL1S_P4,2021,ONMO_FL1S
988,68,238,1/10/21,Pver, ,0.057377533,ONMO_FL1S_P4,2021,ONMO_FL1S
989,81,20,1/10/21,Pver, ,0.012639432,ONMO_FL1S_P4,2021,ONMO_FL1S
990,86,23,1/10/21,Pver, ,0.02620045,ONMO_FL1S_P4,2021,ONMO_FL1S
991,1,1,1/10/21,Pver,v,0.019558061,ONMO_FR1D_P2,2021,ONMO_FR1D
992,14,14,1/10/21,Pver, ,0.034083312,ONMO_FR1D_P2,2021,ONMO_FR1D
993,16,16,1/10/21,Pver, ,0.01931763,ONMO_FR1D_P2,2021,ONMO_FR1D
994,17,17,1/10/21,Pver, ,0.010555535,ONMO_FR1D_P2,2021,ONMO_FR1D
995,3,12,1/10/21,Pver, ,0.005948077,ONMO_FR1D_P3,2021,ONMO_FR1D
996,2,8,1/10/21,Pver, ,0.006772645,ONMO_FR1D_P4,2021,ONMO_FR1D
997,3,9,1/10/21,Pver, ,0.034761733,ONMO_FR1D_P4,2021,ONMO_FR1D
998,7,6,1/10/21,Pver, ,0.046222406,ONMO_FR1D_P4,2021,ONMO_FR1D
999,3,3,1/10/21,Pver,v,0.027683092,ONMO_FR1S_P1,2021,ONMO_FR1S
1000,9,9,1/10/21,Pver, ,0.01414173,ONMO_FR1S_P1,2021,ONMO_FR1S
1001,20,20,1/10/21,Pver, ,0.002796762,ONMO_FR1S_P1,2021,ONMO_FR1S
1002,24,24,1/10/21,Pver, ,0.018104941,ONMO_FR1S_P1,2021,ONMO_FR1S
1003,25,25,1/10/21,Pver, ,0.015226712,ONMO_FR1S_P1,2021,ONMO_FR1S
1004,30,30,1/10/21,Pver, ,0.037432894,ONMO_FR1S_P1,2021,ONMO_FR1S
1005,49,49,1/10/21,Pver,v,0.053409639,ONMO_FR1S_P1,2021,ONMO_FR1S
1006,59,59,1/10/21,Pver, ,0.04912351,ONMO_FR1S_P1,2021,ONMO_FR1S
1007,60,60,1/10/21,Pver, ,0.003572625,ONMO_FR1S_P1,2021,ONMO_FR1S
1008,66,66,1/10/21,Pver, ,0.00350935,ONMO_FR1S_P1,2021,ONMO_FR1S
1009,12,63,1/10/21,Pver, ,0.013499121,ONMO_FR1S_P2,2021,ONMO_FR1S
1010,13,67,1/10/21,Pver, ,0.015764836,ONMO_FR1S_P2,2021,ONMO_FR1S
1011,14,73,1/10/21,Pver, ,0.016202053,ONMO_FR1S_P2,2021,ONMO_FR1S
1012,15,83,1/10/21,Pver, ,0.005312912,ONMO_FR1S_P2,2021,ONMO_FR1S
1013,16,88,1/10/21,Pver, ,0.005426098,ONMO_FR1S_P2,2021,ONMO_FR1S
1014,17,93,1/10/21,Pver, ,0.053034542,ONMO_FR1S_P2,2021,ONMO_FR1S
1015,18,96,1/10/21,Pver, ,0.009976742,ONMO_FR1S_P2,2021,ONMO_FR1S
1016,19,97,1/10/21,Pver, ,0.018030781,ONMO_FR1S_P2,2021,ONMO_FR1S
1017,20,99,1/10/21,Pver, ,0.006960605,ONMO_FR1S_P2,2021,ONMO_FR1S
1018,79,19,1/10/21,Pver, ,0.004971889,ONMO_FR1S_P2,2021,ONMO_FR1S
1019,82,24,1/10/21,Pver, ,0.003353944,ONMO_FR1S_P2,2021,ONMO_FR1S
1020,84,26,1/10/21,Pver, ,0.025256814,ONMO_FR1S_P2,2021,ONMO_FR1S
1021,93,37,1/10/21,Pver, ,0.008983035,ONMO_FR1S_P2,2021,ONMO_FR1S
1022,94,38,1/10/21,Pver,v,0.051793095,ONMO_FR1S_P2,2021,ONMO_FR1S
1023,95,40,1/10/21,Pver, ,0.002380276,ONMO_FR1S_P2,2021,ONMO_FR1S
1024,96,41,1/10/21,Pver, ,0.002765712,ONMO_FR1S_P2,2021,ONMO_FR1S
1025,97,42,1/10/21,Pver, ,0.026727063,ONMO_FR1S_P2,2021,ONMO_FR1S
1026,5,6,1/10/21,Pver,"v, o",0.022802632,ONMO_FR1S_P3,2021,ONMO_FR1S
1027,8,9,1/10/21,Pver, ,0.032477096,ONMO_FR1S_P3,2021,ONMO_FR1S
1028,12,13,1/10/21,Pver, ,0.039407837,ONMO_FR1S_P3,2021,ONMO_FR1S
1029,13,14,1/10/21,Pver, ,0.025051179,ONMO_FR1S_P3,2021,ONMO_FR1S
1030,25,25,1/10/21,Pver, ,0.034059542,ONMO_FR1S_P3,2021,ONMO_FR1S
1031,33,33,1/10/21,Pver, ,0.00300734,ONMO_FR1S_P3,2021,ONMO_FR1S
1032,36,36,1/10/21,Pver, ,0.0032813,ONMO_FR1S_P3,2021,ONMO_FR1S
1033,47,47,1/10/21,Pver, ,0.006259795,ONMO_FR1S_P3,2021,ONMO_FR1S
1034,53,53,1/10/21,Pver, ,0.007082923,ONMO_FR1S_P3,2021,ONMO_FR1S
1035,54,54,1/10/21,Pver, ,0.001277802,ONMO_FR1S_P3,2021,ONMO_FR1S
1036,57,56,1/10/21,Pver, ,0.002869574,ONMO_FR1S_P3,2021,ONMO_FR1S
1037,62,62,1/10/21,Pver, ,0.008661782,ONMO_FR1S_P3,2021,ONMO_FR1S
1038,66,66,1/10/21,Pver, ,0.020495735,ONMO_FR1S_P3,2021,ONMO_FR1S
1039,67,67,1/10/21,Pver, ,0.006349662,ONMO_FR1S_P3,2021,ONMO_FR1S
1040,68,68,1/10/21,Pver, ,0.004338365,ONMO_FR1S_P3,2021,ONMO_FR1S
1041,72,72,1/10/21,Pver, ,0.002361647,ONMO_FR1S_P3,2021,ONMO_FR1S
1042,83,83,1/10/21,Pver, ,0.004641014,ONMO_FR1S_P3,2021,ONMO_FR1S
1043,21,60,1/10/21,Pver, ,0.044601756,ONMO_FR1S_P4,2021,ONMO_FR1S
1044,22,63,1/10/21,Pver, ,0.032362027,ONMO_FR1S_P4,2021,ONMO_FR1S
1045,23,64,1/10/21,Pver, ,0.0563769,ONMO_FR1S_P4,2021,ONMO_FR1S
1046,24,65,1/10/21,Pver, ,0.021415938,ONMO_FR1S_P4,2021,ONMO_FR1S
1047,25,67,1/10/21,Pver, ,0.020725932,ONMO_FR1S_P4,2021,ONMO_FR1S
1048,26,68,1/10/21,Pver, ,0.011605729,ONMO_FR1S_P4,2021,ONMO_FR1S
1049,27,70,1/10/21,Pver, ,0.013128552,ONMO_FR1S_P4,2021,ONMO_FR1S
1050,28,71,1/10/21,Pver, ,0.010902382,ONMO_FR1S_P4,2021,ONMO_FR1S
1051,29,72,1/10/21,Pver, ,0.034488385,ONMO_FR1S_P4,2021,ONMO_FR1S
1052,30,75,1/10/21,Pver, ,0.014358348,ONMO_FR1S_P4,2021,ONMO_FR1S
1053,31,76,1/10/21,Pver, ,0.006045957,ONMO_FR1S_P4,2021,ONMO_FR1S
1054,32,81,1/10/21,Pver, ,0.049892781,ONMO_FR1S_P4,2021,ONMO_FR1S
1055,33,82,1/10/21,Pver, ,0.026757111,ONMO_FR1S_P4,2021,ONMO_FR1S
1056,35,90,1/10/21,Pver, ,0.011362806,ONMO_FR1S_P4,2021,ONMO_FR1S
1057,36,92,1/10/21,Pver, ,0.010221649,ONMO_FR1S_P4,2021,ONMO_FR1S
1058,38,96,1/10/21,Pver, ,0.030755724,ONMO_FR1S_P4,2021,ONMO_FR1S
1059,39,102,1/10/21,Pver,v,0.048368372,ONMO_FR1S_P4,2021,ONMO_FR1S
1060,40,104,1/10/21,Pver, ,0.036223778,ONMO_FR1S_P4,2021,ONMO_FR1S
1061,91,45,1/10/21,Pver, ,0.004313246,ONMO_FR1S_P4,2021,ONMO_FR1S
1062,2,1,1/10/21,Pver, ,0.004729795,ONMO_FR2D_P3,2021,ONMO_FR2D
1063,23,17,1/10/21,Pver, ,0.007975761,ONMO_FR2D_P4,2021,ONMO_FR2D
1064,0,0,1/10/21,Pver, ,0.03026632,ONMO_FR2S_P1,2021,ONMO_FR2S
1065,8,8,1/10/21,Pver,v,0.081068127,ONMO_FR2S_P1,2021,ONMO_FR2S
1066,12,12,1/10/21,Pver, ,0.030259185,ONMO_FR2S_P1,2021,ONMO_FR2S
1067,18,18,1/10/21,Pver,v,0.039923078,ONMO_FR2S_P1,2021,ONMO_FR2S
1068,23,23,1/10/21,Pver,v,0.040650718,ONMO_FR2S_P1,2021,ONMO_FR2S
1069,26,26,1/10/21,Pver,v,0.059334955,ONMO_FR2S_P1,2021,ONMO_FR2S
1070,30,30,1/10/21,Pver, ,0.014775998,ONMO_FR2S_P1,2021,ONMO_FR2S
1071,31,31,1/10/21,Pver, ,0.011183453,ONMO_FR2S_P1,2021,ONMO_FR2S
1072,50,50,1/10/21,Pver, ,0.02695834,ONMO_FR2S_P1,2021,ONMO_FR2S
1073,64,64,1/10/21,Pver,v,0.053674027,ONMO_FR2S_P1,2021,ONMO_FR2S
1074,72,72,1/10/21,Pver, ,0.023286019,ONMO_FR2S_P1,2021,ONMO_FR2S
1075,92,93,1/10/21,Pver,validated,0.033932422,ONMO_FR2S_P1,2021,ONMO_FR2S
1076,14,14,1/10/21,Pver,v,0.046240609,ONMO_FR2S_P2,2021,ONMO_FR2S
1077,15,15,1/10/21,Pver,v,0.052123027,ONMO_FR2S_P2,2021,ONMO_FR2S
1078,16,16,1/10/21,Pver,v,0.037874837,ONMO_FR2S_P2,2021,ONMO_FR2S
1079,17,17,1/10/21,Pver,v,0.048438,ONMO_FR2S_P2,2021,ONMO_FR2S
1080,18,18,1/10/21,Pver,v,0.027950063,ONMO_FR2S_P2,2021,ONMO_FR2S
1081,19,19,1/10/21,Pver,v,0.020518357,ONMO_FR2S_P2,2021,ONMO_FR2S
1082,27,27,1/10/21,Pver, ,0.022444505,ONMO_FR2S_P2,2021,ONMO_FR2S
1083,33,33,1/10/21,Pver, ,0.011016218,ONMO_FR2S_P2,2021,ONMO_FR2S
1084,35,35,1/10/21,Pver, ,0.008295405,ONMO_FR2S_P2,2021,ONMO_FR2S
1085,36,36,1/10/21,Pver, ,0.014160197,ONMO_FR2S_P2,2021,ONMO_FR2S
1086,38,38,1/10/21,Pver, ,0.014220657,ONMO_FR2S_P2,2021,ONMO_FR2S
1087,59,59,1/10/21,Pver, ,0.005848267,ONMO_FR2S_P2,2021,ONMO_FR2S
1088,61,61,1/10/21,Pver, ,0.006872885,ONMO_FR2S_P2,2021,ONMO_FR2S
1089,81,81,1/10/21,Pver, ,0.044149209,ONMO_FR2S_P2,2021,ONMO_FR2S
1090,84,84,1/10/21,Pver, ,0.027704966,ONMO_FR2S_P2,2021,ONMO_FR2S
1091,85,85,1/10/21,Pver, ,0.041571627,ONMO_FR2S_P2,2021,ONMO_FR2S
1092,89,89,1/10/21,Pver, ,0.002873034,ONMO_FR2S_P2,2021,ONMO_FR2S
1093,92,92,1/10/21,Pver, ,0.005011622,ONMO_FR2S_P2,2021,ONMO_FR2S
1094,96,96,1/10/21,Pver, ,0.005272041,ONMO_FR2S_P2,2021,ONMO_FR2S
1095,97,97,1/10/21,Pver, ,0.023682846,ONMO_FR2S_P2,2021,ONMO_FR2S
1096,99,99,1/10/21,Pver, ,0.003855272,ONMO_FR2S_P2,2021,ONMO_FR2S
1097,100,100,1/10/21,Pver, ,0.011547269,ONMO_FR2S_P2,2021,ONMO_FR2S
1098,110,110,1/10/21,Pver, ,0.003139081,ONMO_FR2S_P2,2021,ONMO_FR2S
1099,113,113,1/10/21,Pver, ,0.007478935,ONMO_FR2S_P2,2021,ONMO_FR2S
1100,126,127,1/10/21,Pver, ,0.023676457,ONMO_FR2S_P2,2021,ONMO_FR2S
1101,128,129,1/10/21,Pver, ,0.014892782,ONMO_FR2S_P2,2021,ONMO_FR2S
1102,142,115,1/10/21,Pver, ,0.026508154,ONMO_FR2S_P2,2021,ONMO_FR2S
1103,8,46,1/10/21,Pver, ,0.019342035,ONMO_FR2S_P3,2021,ONMO_FR2S
1104,9,59,1/10/21,Pver, ,0.019148905,ONMO_FR2S_P3,2021,ONMO_FR2S
1105,11,1,1/10/21,Pver, ,0.029197696,ONMO_FR2S_P3,2021,ONMO_FR2S
1106,12,65,1/10/21,Pver, ,0.00486996,ONMO_FR2S_P3,2021,ONMO_FR2S
1107,14,3,1/10/21,Pver, ,0.002953298,ONMO_FR2S_P3,2021,ONMO_FR2S
1108,16,5,1/10/21,Pver, ,0.059401978,ONMO_FR2S_P3,2021,ONMO_FR2S
1109,24,15,1/10/21,Pver,v,0.035708388,ONMO_FR2S_P3,2021,ONMO_FR2S
1110,42,27,1/10/21,Pver, ,0.002151551,ONMO_FR2S_P3,2021,ONMO_FR2S
1111,48,35,1/10/21,Pver, ,0.005227469,ONMO_FR2S_P3,2021,ONMO_FR2S
1112,52,39,1/10/21,Pver,v,0.013325715,ONMO_FR2S_P3,2021,ONMO_FR2S
1113,64,54,1/10/21,Pver, ,0.017901936,ONMO_FR2S_P3,2021,ONMO_FR2S
1114,78,70,1/10/21,Pver, ,0.006223211,ONMO_FR2S_P3,2021,ONMO_FR2S
1115,80,72,1/10/21,Pver, ,0.003887129,ONMO_FR2S_P3,2021,ONMO_FR2S
1116,84,76,1/10/21,Pver, ,0.035099014,ONMO_FR2S_P3,2021,ONMO_FR2S
1117,10,35,1/10/21,Pver, ,0.031062903,ONMO_FR2S_P4,2021,ONMO_FR2S
1118,13,53,1/10/21,Pver, ,0.015580194,ONMO_FR2S_P4,2021,ONMO_FR2S
1119,14,55,1/10/21,Pver, ,0.010885916,ONMO_FR2S_P4,2021,ONMO_FR2S
1120,15,56,1/10/21,Pver,v,0.029605212,ONMO_FR2S_P4,2021,ONMO_FR2S
1121,16,59,1/10/21,Pver,v,0.028632783,ONMO_FR2S_P4,2021,ONMO_FR2S
1122,17,60,1/10/21,Pver,v,0.039749685,ONMO_FR2S_P4,2021,ONMO_FR2S
1123,18,61,1/10/21,Pver, ,0.019868707,ONMO_FR2S_P4,2021,ONMO_FR2S
1124,19,63,1/10/21,Pver, ,0.026536718,ONMO_FR2S_P4,2021,ONMO_FR2S
1125,63,42,1/10/21,Pver,v,0.030200325,ONMO_FR2S_P4,2021,ONMO_FR2S
1126,67,12,1/10/21,Pver, ,0.00233373,ONMO_FR2S_P4,2021,ONMO_FR2S
1127,71,18,1/10/21,Pver, ,0.006193694,ONMO_FR2S_P4,2021,ONMO_FR2S
1128,74,21,1/10/21,Pver, ,0.003746457,ONMO_FR2S_P4,2021,ONMO_FR2S
1129,78,52,1/10/21,Pver, ,0.02733716,ONMO_FR2S_P4,2021,ONMO_FR2S
1130,90,40,1/10/21,Pver, ,0.005344462,ONMO_FR2S_P4,2021,ONMO_FR2S
1131,93,44,1/10/21,Pver, ,0.031105296,ONMO_FR2S_P4,2021,ONMO_FR2S
1132,99,51,1/10/21,Pver, ,0.003211962,ONMO_FR2S_P4,2021,ONMO_FR2S
1133,6,1,1/10/21,Pver, ,0.011310443,ONMO_LA1S_P3,2021,ONMO_LA1S
1134,7,2,1/10/21,Pver, ,0.002383774,ONMO_LA1S_P3,2021,ONMO_LA1S
1135,66,66,1/10/21,Pver, ,0.003060673,ONMO_LA1S_P3,2021,ONMO_LA1S
1136,13,13,1/1/21,Pver, ,0.058710189,PAOR_FL1S_P4,2021,PAOR_FL1S
1137,0,0,1/1/21,Pver,"v,4",0.04326665,PAPE_BA2D_P4,2021,PAPE_BA2D
1138,0,0,1/1/21,Pver,"v,37, ng, BLCH232A, b",0.043429543,PAPE_BA2S_P1,2021,PAPE_BA2S
1139,4,4,1/1/21,Pver,"v,25, ng, BLCH230A, b",0.021857129,PAPE_BA2S_P1,2021,PAPE_BA2S
1140,14,14,1/1/21,Pver,"v,35, ng, BLCH233A, b",0.00693855,PAPE_BA2S_P1,2021,PAPE_BA2S
1141,4,4,1/1/21,Pver,"v,21",0.05514688,PAPE_BA2S_P3,2021,PAPE_BA2S
1142,12,12,1/1/21,Pver,"v,3, ng, BLCH240A",0.078184292,PAPE_BA2S_P4,2021,PAPE_BA2S
1143,25,25,1/1/21,Pver,"v,24, ng, BLCH241A",0.039980691,PAPE_BA2S_P4,2021,PAPE_BA2S
1144,8,8,1/1/21,Pver,"v,8",0.022167955,PAPE_FR1D_P2,2021,PAPE_FR1D
1145,14,14,1/1/21,Pver,"v,23, ng, BLCH192A, b",0.027937813,PAPE_FR1S_P1,2021,PAPE_FR1S
1146,7,7,1/1/21,Pver,"v,1,ng,BLCH204A,bad",0.045198933,PAPE_FR1S_P3,2021,PAPE_FR1S
1147,20,20,1/1/21,Pver,"v,0, ng, BLCH203A",0.051628902,PAPE_FR1S_P3,2021,PAPE_FR1S
1148,2,2,1/1/21,Pver,"v,0,ng,BLCH207A,bad",0.024700037,PAPE_FR1S_P4,2021,PAPE_FR1S
1149,0,0,1/4/21,Pver, ,0.017563149,TSAU_FR2D_P4,2021,TSAU_FR2D
1150,28,1,1/4/21,Pver,"ng, 947",0.097478099,TSMA_FR2S_P1,2021,TSMA_FR2S
1151,34,3,1/4/21,Pver,"ng, 943",0.143495675,TSMA_FR2S_P3,2021,TSMA_FR2S